-- phpMyAdmin SQL Dump
-- version 4.1.14
-- http://www.phpmyadmin.net
--
-- Host: 127.0.0.1
-- Generation Time: Nov 27, 2016 at 02:59 PM
-- Server version: 5.6.17
-- PHP Version: 5.5.12

SET SQL_MODE = "NO_AUTO_VALUE_ON_ZERO";
SET time_zone = "+00:00";


/*!40101 SET @OLD_CHARACTER_SET_CLIENT=@@CHARACTER_SET_CLIENT */;
/*!40101 SET @OLD_CHARACTER_SET_RESULTS=@@CHARACTER_SET_RESULTS */;
/*!40101 SET @OLD_COLLATION_CONNECTION=@@COLLATION_CONNECTION */;
/*!40101 SET NAMES utf8 */;

--
-- Database: `vjhs_copy`
--

-- --------------------------------------------------------

--
-- Table structure for table `classes_strengths`
--

CREATE TABLE IF NOT EXISTS `classes_strengths` (
  `CLASS` varchar(10) NOT NULL,
  `STRENGTH` int(5) DEFAULT NULL,
  `BRANCH` varchar(50) DEFAULT NULL,
  `CREATION_DATE` date DEFAULT NULL,
  `CREATED_BY` varchar(50) DEFAULT NULL,
  `UPDATED_DATE` date DEFAULT NULL,
  `UPDATED_BY` varchar(50) DEFAULT NULL,
  `ATTRIBUTE1` varchar(100) DEFAULT NULL,
  `ATTRIBUTE2` varchar(100) DEFAULT NULL,
  `ATTRIBUTE3` varchar(100) DEFAULT NULL,
  `ATTRIBUTE4` varchar(100) DEFAULT NULL,
  `ATTRIBUTE5` varchar(100) DEFAULT NULL,
  PRIMARY KEY (`CLASS`)
) ENGINE=InnoDB DEFAULT CHARSET=latin1 COMMENT='Table to store strengths of classes';

--
-- Dumping data for table `classes_strengths`
--

INSERT INTO `classes_strengths` (`CLASS`, `STRENGTH`, `BRANCH`, `CREATION_DATE`, `CREATED_BY`, `UPDATED_DATE`, `UPDATED_BY`, `ATTRIBUTE1`, `ATTRIBUTE2`, `ATTRIBUTE3`, `ATTRIBUTE4`, `ATTRIBUTE5`) VALUES
('I', NULL, NULL, NULL, NULL, NULL, NULL, 'D', NULL, NULL, NULL, NULL),
('II', NULL, NULL, NULL, NULL, NULL, NULL, 'E', NULL, NULL, NULL, NULL),
('III', NULL, NULL, NULL, NULL, NULL, NULL, 'F', NULL, NULL, NULL, NULL),
('IV', NULL, NULL, NULL, NULL, NULL, NULL, 'G', NULL, NULL, NULL, NULL),
('IX', NULL, NULL, NULL, NULL, NULL, NULL, 'L', NULL, NULL, NULL, NULL),
('LKG', NULL, NULL, NULL, NULL, NULL, NULL, 'B', NULL, NULL, NULL, NULL),
('NUR', NULL, NULL, NULL, NULL, NULL, NULL, 'A', NULL, NULL, NULL, NULL),
('UKG', NULL, NULL, NULL, NULL, NULL, NULL, 'C', NULL, NULL, NULL, NULL),
('V', NULL, NULL, NULL, NULL, NULL, NULL, 'H', NULL, NULL, NULL, NULL),
('VI', NULL, NULL, NULL, NULL, NULL, NULL, 'I', NULL, NULL, NULL, NULL),
('VII', NULL, NULL, NULL, NULL, NULL, NULL, 'J', NULL, NULL, NULL, NULL),
('VIII', NULL, NULL, NULL, NULL, NULL, NULL, 'K', NULL, NULL, NULL, NULL),
('X', NULL, NULL, NULL, NULL, NULL, NULL, 'M', NULL, NULL, NULL, NULL);

-- --------------------------------------------------------

--
-- Table structure for table `class_timetable`
--

CREATE TABLE IF NOT EXISTS `class_timetable` (
  `CLASS` varchar(20) NOT NULL,
  `DAY` varchar(15) NOT NULL,
  `PERIOD_I` varchar(30) NOT NULL,
  `PERIOD_II` varchar(30) NOT NULL,
  `PERIOD_III` varchar(30) NOT NULL,
  `PERIOD_IV` varchar(30) NOT NULL,
  `PERIOD_V` varchar(30) NOT NULL,
  `PERIOD_VI` varchar(30) NOT NULL,
  `PERIOD_VII` varchar(30) NOT NULL,
  `PERIOD_VIII` varchar(30) NOT NULL,
  `BRANCH` varchar(50) NOT NULL,
  `CREATION_DATE` date DEFAULT NULL,
  `CREATED_BY` varchar(50) DEFAULT NULL,
  `UPDATED_DATE` date DEFAULT NULL,
  `UPDATED_BY` varchar(50) DEFAULT NULL,
  `ATTRIBUTE1` varchar(100) DEFAULT NULL,
  `ATTRIBUTE2` varchar(100) DEFAULT NULL,
  `ATTRIBUTE3` varchar(100) DEFAULT NULL,
  `ATTRIBUTE4` varchar(100) DEFAULT NULL,
  `ATTRIBUTE5` varchar(100) DEFAULT NULL
) ENGINE=InnoDB DEFAULT CHARSET=latin1 COMMENT='Table to store class timetables';

-- --------------------------------------------------------

--
-- Table structure for table `exams`
--

CREATE TABLE IF NOT EXISTS `exams` (
  `EXAM_TYPE` varchar(100) NOT NULL,
  `FROM_DATE` date NOT NULL,
  `TO_DATE` date NOT NULL,
  `MAX_MARKS` int(3) NOT NULL,
  `BRANCH` varchar(50) NOT NULL,
  `CREATION_DATE` date DEFAULT NULL,
  `CREATED_BY` varchar(50) DEFAULT NULL,
  `UPDATED_DATE` date DEFAULT NULL,
  `UPDATED_BY` varchar(50) DEFAULT NULL,
  `ATTRIBUTE1` varchar(100) DEFAULT NULL,
  `ATTRIBUTE2` varchar(100) DEFAULT NULL,
  `ATTRIBUTE3` varchar(100) DEFAULT NULL,
  `ATTRIBUTE4` varchar(100) DEFAULT NULL,
  `ATTRIBUTE5` varchar(100) DEFAULT NULL,
  PRIMARY KEY (`EXAM_TYPE`)
) ENGINE=InnoDB DEFAULT CHARSET=latin1;

-- --------------------------------------------------------

--
-- Table structure for table `exam_schedule_class`
--

CREATE TABLE IF NOT EXISTS `exam_schedule_class` (
  `EXAM_TYPE` varchar(100) NOT NULL,
  `FROM_DATE` date NOT NULL,
  `TO_DATE` date NOT NULL,
  `CLASS` varchar(20) NOT NULL,
  `EXAM_NUM` int(3) NOT NULL,
  `SUBJECT` varchar(50) NOT NULL,
  `EXAM_DATE` date NOT NULL,
  `EXAM_TIME` varchar(10) NOT NULL,
  `BRANCH` varchar(50) NOT NULL,
  `CREATION_DATE` date DEFAULT NULL,
  `CREATED_BY` varchar(50) DEFAULT NULL,
  `UPDATED_DATE` date DEFAULT NULL,
  `UPDATED_BY` varchar(50) DEFAULT NULL,
  `ATTRIBUTE1` varchar(100) DEFAULT NULL,
  `ATTRIBUTE2` varchar(100) DEFAULT NULL,
  `ATTRIBUTE3` varchar(100) DEFAULT NULL,
  `ATTRIBUTE4` varchar(100) DEFAULT NULL,
  `ATTRIBUTE5` varchar(100) DEFAULT NULL
) ENGINE=InnoDB DEFAULT CHARSET=latin1 COMMENT='table to store class exam schedule';

-- --------------------------------------------------------

--
-- Table structure for table `exam_schedule_teacher`
--

CREATE TABLE IF NOT EXISTS `exam_schedule_teacher` (
  `EXAM_TYPE` varchar(100) NOT NULL,
  `FROM_DATE` date NOT NULL,
  `TO_DATE` date NOT NULL,
  `EMP_ID` varchar(20) NOT NULL,
  `EXAM_NUM` int(3) NOT NULL,
  `SUBJECT` varchar(50) NOT NULL,
  `EXAM_DATE` date NOT NULL,
  `EXAM_TIME` varchar(10) NOT NULL,
  `ROLE` varchar(30) NOT NULL,
  `ROOM_NUMBER` varchar(30) NOT NULL,
  `BRANCH` varchar(50) NOT NULL,
  `CREATION_DATE` date DEFAULT NULL,
  `CREATED_BY` varchar(50) DEFAULT NULL,
  `UPDATED_DATE` date DEFAULT NULL,
  `UPDATED_BY` varchar(50) DEFAULT NULL,
  `ATTRIBUTE1` varchar(100) DEFAULT NULL,
  `ATTRIBUTE2` varchar(100) DEFAULT NULL,
  `ATTRIBUTE3` varchar(100) DEFAULT NULL,
  `ATTRIBUTE4` varchar(100) DEFAULT NULL,
  `ATTRIBUTE5` varchar(100) DEFAULT NULL
) ENGINE=InnoDB DEFAULT CHARSET=latin1 COMMENT='table to store teacher''s exam table';

-- --------------------------------------------------------

--
-- Table structure for table `fee_structure`
--

CREATE TABLE IF NOT EXISTS `fee_structure` (
  `CLASS` varchar(10) NOT NULL DEFAULT '',
  `ADMISSION_FEE` int(6) DEFAULT NULL,
  `APPLICATION_FEE` int(6) DEFAULT NULL,
  `TUTION_FEE` int(6) DEFAULT NULL,
  `BOOKS_FEE` int(6) DEFAULT NULL,
  `EXAM_FEE` int(6) DEFAULT NULL,
  `OTHER_FEE` int(6) DEFAULT NULL,
  `TOTAL_FEE` int(6) DEFAULT NULL,
  `BRANCH` varchar(50) DEFAULT NULL,
  `CREATION_DATE` date DEFAULT NULL,
  `CREATED_BY` varchar(50) DEFAULT NULL,
  `UPDATED_DATE` date DEFAULT NULL,
  `UPDATED_BY` varchar(50) DEFAULT NULL,
  `ATTRIBUTE1` int(100) DEFAULT NULL,
  `ATTRIBUTE2` int(100) DEFAULT NULL,
  `ATTRIBUTE3` int(100) DEFAULT NULL,
  `ATTRIBUTE4` int(100) DEFAULT NULL,
  `ATTRIBUTE5` int(100) DEFAULT NULL,
  PRIMARY KEY (`CLASS`)
) ENGINE=InnoDB DEFAULT CHARSET=latin1 COMMENT='Table to store fee structure';

--
-- Dumping data for table `fee_structure`
--

INSERT INTO `fee_structure` (`CLASS`, `ADMISSION_FEE`, `APPLICATION_FEE`, `TUTION_FEE`, `BOOKS_FEE`, `EXAM_FEE`, `OTHER_FEE`, `TOTAL_FEE`, `BRANCH`, `CREATION_DATE`, `CREATED_BY`, `UPDATED_DATE`, `UPDATED_BY`, `ATTRIBUTE1`, `ATTRIBUTE2`, `ATTRIBUTE3`, `ATTRIBUTE4`, `ATTRIBUTE5`) VALUES
('eight', 12000, 2000, 300, 1200, 1000, 1000, 29500, NULL, NULL, NULL, NULL, NULL, NULL, NULL, NULL, NULL, NULL),
('fifth', 10000, 200, 2000, 4000, 400, 400, 17600, NULL, NULL, NULL, NULL, NULL, NULL, NULL, NULL, NULL, NULL),
('first', 0, 0, 0, 0, 0, 0, 2000, NULL, NULL, NULL, NULL, NULL, NULL, NULL, NULL, NULL, NULL),
('fourth', 1111, 12212, 1212, 1211, 12312, 12312, 29270, NULL, NULL, NULL, NULL, NULL, NULL, NULL, NULL, NULL, NULL),
('lkg', 200, 300, 300, 300, 200, 200, 3300, NULL, NULL, NULL, NULL, NULL, NULL, NULL, NULL, NULL, NULL),
('nineth', NULL, NULL, NULL, NULL, NULL, NULL, NULL, NULL, NULL, NULL, NULL, NULL, NULL, NULL, NULL, NULL, NULL),
('nursery', 1000, 400, 500, 1000, 600, 600, 4500, NULL, NULL, NULL, NULL, NULL, NULL, NULL, NULL, NULL, NULL),
('second', 0, 0, 0, 0, 0, 0, 0, NULL, NULL, NULL, NULL, NULL, NULL, NULL, NULL, NULL, NULL),
('seventh', 5000, 2000, 1000, 3000, 500, 500, 12500, NULL, NULL, NULL, NULL, NULL, NULL, NULL, NULL, NULL, NULL),
('sixth', 0, 0, 0, 0, 0, 0, 0, NULL, NULL, NULL, NULL, NULL, NULL, NULL, NULL, NULL, NULL),
('tenth', NULL, NULL, NULL, NULL, NULL, NULL, NULL, NULL, NULL, NULL, NULL, NULL, NULL, NULL, NULL, NULL, NULL),
('third', 1000, 200, 1000, 1000, 1000, 1000, 5200, NULL, NULL, NULL, NULL, NULL, NULL, NULL, NULL, NULL, NULL),
('ukg', 0, 0, 0, 0, 0, 0, 0, NULL, NULL, NULL, NULL, NULL, NULL, NULL, NULL, NULL, NULL);

-- --------------------------------------------------------

--
-- Table structure for table `holidays`
--

CREATE TABLE IF NOT EXISTS `holidays` (
  `MONTH` int(11) NOT NULL DEFAULT '0',
  `HOLIDAYS` int(11) DEFAULT NULL,
  `YEAR` int(11) NOT NULL DEFAULT '0',
  PRIMARY KEY (`MONTH`,`YEAR`)
) ENGINE=InnoDB DEFAULT CHARSET=latin1;

--
-- Dumping data for table `holidays`
--

INSERT INTO `holidays` (`MONTH`, `HOLIDAYS`, `YEAR`) VALUES
(0, 1, 2016),
(1, 2, 2016),
(2, 2, 2016),
(3, 1, 2016),
(4, 1, 2016),
(5, 2, 2016),
(6, 1, 2016),
(7, 3, 2016),
(8, 8, 2016),
(9, 3, 2016),
(10, 1, 2016),
(11, 0, 2016);

-- --------------------------------------------------------

--
-- Table structure for table `login_credentals`
--

CREATE TABLE IF NOT EXISTS `login_credentals` (
  `USER_ID` varchar(30) NOT NULL,
  `USER_NAME` varchar(30) NOT NULL,
  `PASSWORD` varchar(20) NOT NULL,
  `ROLE` varchar(30) NOT NULL,
  `BRANCH` varchar(50) NOT NULL,
  `ATTRIBUTE1` varchar(100) DEFAULT NULL,
  `ATTRIBUTE2` varchar(100) DEFAULT NULL,
  `ATTRIBUTE3` varchar(100) DEFAULT NULL,
  `ATTRIBUTE4` varchar(100) DEFAULT NULL,
  `ATTRIBUTE5` varchar(100) DEFAULT NULL
) ENGINE=InnoDB DEFAULT CHARSET=latin1 COMMENT='table for login credentials';

--
-- Dumping data for table `login_credentals`
--

INSERT INTO `login_credentals` (`USER_ID`, `USER_NAME`, `PASSWORD`, `ROLE`, `BRANCH`, `ATTRIBUTE1`, `ATTRIBUTE2`, `ATTRIBUTE3`, `ATTRIBUTE4`, `ATTRIBUTE5`) VALUES
('54367', 'Gangadhar', 'ganga', 'admin', 'Nadakuduru', NULL, NULL, NULL, NULL, NULL),
('54367', 'Wasim', 'wasim', 'admin', 'Nadakuduru', NULL, NULL, NULL, NULL, NULL),
('54367', 'abcdefg', 'abcdef', 'admin', 'Nadakuduru', NULL, NULL, NULL, NULL, NULL),
('54367', 'Phani', 'phani', 'admin', 'Nadakuduru', NULL, NULL, NULL, NULL, NULL);

-- --------------------------------------------------------

--
-- Table structure for table `overview`
--

CREATE TABLE IF NOT EXISTS `overview` (
  `SCHOOL_NAME` varchar(100) NOT NULL,
  `HEDQUARTERS` varchar(100) NOT NULL,
  `BRANCHES` varchar(100) NOT NULL,
  `CITY` varchar(30) NOT NULL,
  `DISTRICT` varchar(40) NOT NULL,
  `STATE` varchar(50) NOT NULL,
  `PHONE_NUMBER` varchar(15) NOT NULL,
  `MOBILE_NUMBER` varchar(15) NOT NULL,
  `EMAIL` varchar(50) NOT NULL,
  `NO_OF_STUDENTS` int(4) NOT NULL,
  `NO_OF_TEACHERS` int(4) NOT NULL,
  `START_YEAR` int(6) NOT NULL,
  `BRANCH` varchar(50) NOT NULL,
  `CREATION_DATE` date DEFAULT NULL,
  `CREATED_BY` varchar(50) DEFAULT NULL,
  `UPDATED_DATE` date DEFAULT NULL,
  `UPDATED_BY` varchar(50) DEFAULT NULL,
  `ATTRIBUTE1` varchar(100) DEFAULT NULL,
  `ATTRIBUTE2` int(100) DEFAULT NULL,
  `ATTRIBUTE3` int(100) DEFAULT NULL,
  `ATTRIBUTE4` int(100) DEFAULT NULL,
  `ATTRIBUTE5` int(100) DEFAULT NULL
) ENGINE=InnoDB DEFAULT CHARSET=latin1 COMMENT='Table for School Profile';

--
-- Dumping data for table `overview`
--

INSERT INTO `overview` (`SCHOOL_NAME`, `HEDQUARTERS`, `BRANCHES`, `CITY`, `DISTRICT`, `STATE`, `PHONE_NUMBER`, `MOBILE_NUMBER`, `EMAIL`, `NO_OF_STUDENTS`, `NO_OF_TEACHERS`, `START_YEAR`, `BRANCH`, `CREATION_DATE`, `CREATED_BY`, `UPDATED_DATE`, `UPDATED_BY`, `ATTRIBUTE1`, `ATTRIBUTE2`, `ATTRIBUTE3`, `ATTRIBUTE4`, `ATTRIBUTE5`) VALUES
('Vignana Jyothi High School (E.M)', 'Nadakuduru', 'Karapa, Nadakuduru', 'Kakinada', 'East Godavari', 'Andhra Pradesh', '0882334515', '9087654321', 'VIGNANAJYOTHI1986@GMAIL.COM', 600, 30, 1986, '', '0000-00-00', 'PHANI', NULL, NULL, '', 0, 0, 0, 0);

-- --------------------------------------------------------

--
-- Table structure for table `present_working_year`
--

CREATE TABLE IF NOT EXISTS `present_working_year` (
  `SERIAL_NO` int(10) NOT NULL,
  `MONTH` int(10) NOT NULL DEFAULT '0',
  `YEAR` int(10) NOT NULL DEFAULT '0',
  PRIMARY KEY (`MONTH`,`YEAR`)
) ENGINE=InnoDB DEFAULT CHARSET=latin1;

--
-- Dumping data for table `present_working_year`
--

INSERT INTO `present_working_year` (`SERIAL_NO`, `MONTH`, `YEAR`) VALUES
(8, 0, 2017),
(9, 1, 2017),
(10, 2, 2017),
(11, 3, 2017),
(1, 5, 2016),
(2, 6, 2016),
(3, 7, 2016),
(4, 8, 2016),
(5, 9, 2016),
(6, 10, 2016),
(7, 11, 2017);

-- --------------------------------------------------------

--
-- Table structure for table `progress_report`
--

CREATE TABLE IF NOT EXISTS `progress_report` (
  `EXAM_TYPE` varchar(100) NOT NULL,
  `CLASS` varchar(20) NOT NULL,
  `ADMISSION_NUMBER` varchar(20) NOT NULL,
  `SUBJECT` varchar(50) NOT NULL,
  `MARKS` int(3) NOT NULL,
  `GRADEPOINT` varchar(5) NOT NULL,
  `BRANCH` varchar(50) NOT NULL,
  `CREATION_DATE` date DEFAULT NULL,
  `CREATED_BY` varchar(50) DEFAULT NULL,
  `UPDATED_DATE` date DEFAULT NULL,
  `UPDATED_BY` varchar(50) DEFAULT NULL,
  `ATTRIBUTE1` varchar(100) DEFAULT NULL,
  `ATTRIBUTE2` varchar(100) DEFAULT NULL,
  `ATTRIBUTE3` varchar(100) DEFAULT NULL,
  `ATTRIBUTE4` varchar(100) DEFAULT NULL,
  `ATTRIBUTE5` varchar(100) DEFAULT NULL
) ENGINE=InnoDB DEFAULT CHARSET=latin1 COMMENT='table to store progress report';

-- --------------------------------------------------------

--
-- Table structure for table `school_timings`
--

CREATE TABLE IF NOT EXISTS `school_timings` (
  `PERIOD` varchar(30) NOT NULL,
  `FROM_TIME` varchar(10) NOT NULL,
  `TO_TIME` varchar(10) NOT NULL,
  `BRANCH` varchar(50) NOT NULL,
  `CREATION_DATE` date DEFAULT NULL,
  `CREATED_BY` varchar(50) DEFAULT NULL,
  `UPDATED_DATE` date DEFAULT NULL,
  `UPDATED_BY` varchar(50) DEFAULT NULL,
  `ATTRIBUTE1` varchar(100) DEFAULT NULL,
  `ATTRIBUTE2` varchar(100) DEFAULT NULL,
  `ATTRIBUTE3` varchar(100) DEFAULT NULL,
  `ATTRIBUTE4` varchar(100) DEFAULT NULL,
  `ATTRIBUTE5` varchar(100) DEFAULT NULL
) ENGINE=InnoDB DEFAULT CHARSET=latin1 COMMENT='Table to store school timings';

-- --------------------------------------------------------

--
-- Table structure for table `student`
--

CREATE TABLE IF NOT EXISTS `student` (
  `PHOTO` mediumblob,
  `ADMISSION_NUMBER` varchar(20) NOT NULL,
  `DOJ` date NOT NULL,
  `CURRENT_ACADAMIC_YEAR` varchar(50) DEFAULT NULL,
  `STUDENT_NAME` varchar(50) NOT NULL,
  `DOB` date NOT NULL,
  `GENDER` varchar(15) NOT NULL,
  `NATIONALITY` varchar(30) NOT NULL,
  `STATE` varchar(50) NOT NULL,
  `RELIGION` varchar(50) NOT NULL,
  `CASTE` varchar(50) DEFAULT NULL,
  `CASTE_CATEGORY` varchar(5) NOT NULL,
  `MOTHER_TOUNGE` varchar(20) NOT NULL,
  `FATHER_NAME` varchar(50) NOT NULL,
  `MOTHER_NAME` varchar(50) NOT NULL,
  `RESIDENCE` varchar(500) NOT NULL,
  `FATHER_OCCUPATION` varchar(50) NOT NULL,
  `FATHER_RESIDENCE` varchar(500) NOT NULL,
  `PHONE_NUMBER` varchar(15) NOT NULL,
  `SCHOOLS_PREVIOUS` varchar(300) DEFAULT NULL,
  `TC_NUMBER` varchar(30) DEFAULT NULL,
  `TC_DATE` date DEFAULT NULL,
  `CLASS_ADMITTED` varchar(20) NOT NULL,
  `MEDIUM` varchar(20) NOT NULL,
  `IDENTITY_MARKS` varchar(300) NOT NULL,
  `BRANCH` varchar(50) DEFAULT NULL,
  `CREATION_DATE` date DEFAULT NULL,
  `CREATED_BY` varchar(50) DEFAULT NULL,
  `UPDATED_DATE` date DEFAULT NULL,
  `UPDATED_BY` varchar(50) DEFAULT NULL,
  `ATTRIBUTE1` varchar(100) DEFAULT NULL,
  `ATTRIBUTE2` varchar(100) DEFAULT NULL,
  `ATTRIBUTE3` varchar(100) DEFAULT NULL,
  `ATTRIBUTE4` varchar(100) DEFAULT NULL,
  `ATTRIBUTE5` varchar(100) DEFAULT NULL,
  PRIMARY KEY (`ADMISSION_NUMBER`)
) ENGINE=InnoDB DEFAULT CHARSET=latin1;

--
-- Dumping data for table `student`
--

INSERT INTO `student` (`PHOTO`, `ADMISSION_NUMBER`, `DOJ`, `CURRENT_ACADAMIC_YEAR`, `STUDENT_NAME`, `DOB`, `GENDER`, `NATIONALITY`, `STATE`, `RELIGION`, `CASTE`, `CASTE_CATEGORY`, `MOTHER_TOUNGE`, `FATHER_NAME`, `MOTHER_NAME`, `RESIDENCE`, `FATHER_OCCUPATION`, `FATHER_RESIDENCE`, `PHONE_NUMBER`, `SCHOOLS_PREVIOUS`, `TC_NUMBER`, `TC_DATE`, `CLASS_ADMITTED`, `MEDIUM`, `IDENTITY_MARKS`, `BRANCH`, `CREATION_DATE`, `CREATED_BY`, `UPDATED_DATE`, `UPDATED_BY`, `ATTRIBUTE1`, `ATTRIBUTE2`, `ATTRIBUTE3`, `ATTRIBUTE4`, `ATTRIBUTE5`) VALUES
(0xffd8ffe000104a46494600010101006000600000ffdb0043000503040404030504040405050506070c08070707070f0b0b090c110f1212110f111113161c1713141a1511111821181a1d1d1f1f1f13172224221e241c1e1f1effdb0043010505050706070e08080e1e1411141e1e1e1e1e1e1e1e1e1e1e1e1e1e1e1e1e1e1e1e1e1e1e1e1e1e1e1e1e1e1e1e1e1e1e1e1e1e1e1e1e1e1e1e1e1e1e1e1e1effc0001108013b00f003012200021101031101ffc4001f0000010501010101010100000000000000000102030405060708090a0bffc400b5100002010303020403050504040000017d01020300041105122131410613516107227114328191a1082342b1c11552d1f02433627282090a161718191a25262728292a3435363738393a434445464748494a535455565758595a636465666768696a737475767778797a838485868788898a92939495969798999aa2a3a4a5a6a7a8a9aab2b3b4b5b6b7b8b9bac2c3c4c5c6c7c8c9cad2d3d4d5d6d7d8d9dae1e2e3e4e5e6e7e8e9eaf1f2f3f4f5f6f7f8f9faffc4001f0100030101010101010101010000000000000102030405060708090a0bffc400b51100020102040403040705040400010277000102031104052131061241510761711322328108144291a1b1c109233352f0156272d10a162434e125f11718191a262728292a35363738393a434445464748494a535455565758595a636465666768696a737475767778797a82838485868788898a92939495969798999aa2a3a4a5a6a7a8a9aab2b3b4b5b6b7b8b9bac2c3c4c5c6c7c8c9cad2d3d4d5d6d7d8d9dae2e3e4e5e6e7e8e9eaf2f3f4f5f6f7f8f9faffda000c03010002110311003f00f5df817f0ebc07aa7c21f0aea3a9f82f41babc9f4e49259a6b08dddc9e72c71cf41d6bb64f855f0d3771e02f0d7073ff0020e8fdbdbd8543fb3f71f04fc1d827fe41107fe835dd501cc70a7e10fc306273e01f0f7cdd40b2503f414a7e107c306186f00f87fbf4b441d73fe27f4f4aeea8a093811f06be15600ff840741fc2d80a4ff852ff000a88c1f00e85c71ff1ef5dfd28a0679f3fc15f852e727c03a274c71063fad4137c0ef84c595cf80f49c839042b0c7eb5e914527a85cf3297e04fc249305fc0ba7647a3c83f9350df027e130185f0458e00e07992e3ff0042af4d3494b940f337f815f0959483e06d3fa766907fecd4f3f02fe1398c427c1360630720179323f1dd9af49a4dd8ef4597503cd4fc06f848dcff00c21363c72312ca3ff66a67fc286f84c8aa83c17661146003712e31ff007d7f9fcebd0f54d4ac34ab57bad46f20b4810659e570a3f5af33d6fe3e7c3ad35da386faef5075e716b6e483f42700d3b440b6bf027e119057fe106d3c83ff004d2539ff00c7bfce4fa9a13e047c235048f03586318c79927ff155c3ea3fb516831b30b2f0aea938ce14c932c79fc39a96cff69ad11f1f6bf0bea302ff001324c9271f4ea6a6d1b81d9b7c0bf84854ff00c509a77a7de93ff8aa48fe047c240ee7fe107b1e7d5e43ea7fbdeffd3b545e1ff8f3f0d755291beb32698eec1552f6231e49f7191fad7a2e9daae9da95aadde9d796f7903f4960903a9fc453b203815f811f08d576ff00c20da79e31cc921ffd9a957e05fc268cfeefc0ba7671b7ef49dffe055e8e8e1bbd3c107a1a2c079d2fc12f8508723c07a473eb1923f2cd3d3e09fc280011e01d147fdb13fe35e86296a8679e2fc16f8529d3c03a1f3d73053ffe14d7c2ae31e00d078ffa761fe7bd7a073ed45023811f077e168500780740c75ff8f45a07c21f861961ff00080787be6ebfe86beb5df536803841f083e176c2a7c01e1eda7048fb12ff003a4ff853ff000bb6ed3e00f0f853d7fd0d7dbfc2bbda4a06702bf06fe162903fe101d0303fe9d47f9ed5cffc4cf851f0d34ef873e23bcb3f046856f716fa65c4b148b6c01471192a41fae2bd7ab90f8d4c57e12f8ad8638d26e3ff004034014bf67d70df04bc1a718ff894c00fe0b5de66b83fd9f9557e09f83f69247f64c279f75cd77628245a28a281851499a334805a28a0903a9a1082932338279ed4d0eac32a7835e71f193e29e95e02d3de18365febd3479b6b20df747f7e439e1475c75345ec3475be32f16681e10d1df57f10ea50d95b01f2963f3487fbaa3a93f4af9b7e20fed0fe23d544d69e10b58f47b62c40bd986f9d973c10bf75722bca7c67e24d63c59ac7f6c7886f3edd77d23c2ec48463eea28e83f5ac19ae30c4b64e0faf5a8e6149d8d7d675dd635a98cbad6ad7fa8c9bb76e9e562aa7d401c0acb919153720c7a8c5422e731a962769e302a0694e40ebcf6a2f726ec24923954e5be607b0aa92c8626ddb9f8e9e9534c70a40c0627a138a81fe619da38f7a18d318b7a5a22926197bee5c8ae97c1de38f107866495b47d62e6d23980dd146f856c67a81d3d2b932a4b63eee79fc2a2dbb65277718e28451f51f81bf68ed414c50788348b492cc28026b6721d074c153d4f7cfbd7d0be0af1568fe2bd2d751d26f2299587cd1ef1bd31fde5ea2bf36eca428db95983e3839ae93c37e21d5b43d47fb434bbe9acae8907cc898aeec7ae0d5732423f47d5863ad3bbd7877c0cf8e16be2b923d0bc46b1d96ac5711cdc2c53fb75fbddebdbd59471d8534ee521f45145300a3145273400b451450015c87c644327c29f152038ce9371ffa2cd75c6b94f8c2db7e15f8a581c7fc4a6e3ff459a00cef800c5fe09f83b9cffc4a60ff00d06bbac5709fb3de3fe149f83b9271a4c3dffd9aef282428345140098a4a5268a000504e33477158be36f1058f85bc33a86bfa8b15b6b281a5603ab103851ee4e2a5e834717f1d3e275b781745369a734571e22bb5c59db139112ffcf5703a28f7ea6be3ad6afee352d52e750bfbb92eef2ea4f3279e539691b3cfd3e9daa1f13f8a2fb5ef12ea1ac5e4acd35ecccee49c90a780bf4031c7ad66cd70553712771e9df150f51934f36ec7ce49eb8f4aacf2012932676838e3eb54e5b8dcc4c64e1877eb4aec59402781dfd3d690992c8ca4160e3e6e833514921c9643d476a64800c1ddd393f2f7a8379031bb354892da6190ee241c8c6e34d92466558ced18f4aadb8bf180c73904d3518ff126323a75a18d0e90961c1f987f2aacfdf39cd5fb7b49ae0855c0507b569cfa0dcadbbb842405ce42d66ea245c62dec73b6e373e4820fafa56bdbb7c9b64f9805c823b55316f221008c63a8356e34232a081c64e4d5a7725ab1a1a7b3ef49a295d1810ca50e0e47706beccfd9abc7b378b7c2274ed4242faa6940248d9cf9d19fbad5f16d939864f24e632c3804f7f6af49fd9cbc59fd83f1574b8a4de53509fec7280491f30e3f5154894f53ee241c014f1d298a7bf5a7e6aca0cd2d369d408281d693345050ac3a1ae43e33296f851e2a03aff64dc76cff0001aebb9ae4be327fc92af1563aff0064dc76ff0060d0051fd9f483f04fc1c467074987affbb5dd5707fb3d956f825e0e033c6950f51fecd77b8a09128a5229280108a052d18a000d786fed99ac4da7fc33b4d3e078d4ea57eb0c81864945467e3d3902bdc4d7cddfb743b2e87e155d84a35ecc777a1118fe99a996c347ca2594484920739240e2a47265dc509200ea2a9cfb8938e0eee9419654c26f2029dd803bd4156262d12000e41c77eb4cf3c6405cf278ef9a974cd3352d66efecf616b2dcc8c392a3e55ef927a0af4bf0c7c2492558a4d66ea38c367747064b638e33dab29d6843766b0a139ec8f32133a42e8aabb5b190cbf30c7bf6a889da464e3bf35f4adc7c23f06dcd8c517d96e709d36cf82a7ea29742f851e1bb09d1d6c7ccc67324f21763d3b9fa564f174fa1b2c0d5ea8f06d0fc39ab6b0b9b3b29a552d8dcabfad763a67c28d6642bf6a8fc80dc020827a679c0afa1b4ed2ecac60f26d2da2853d1462ad476c801c81f95734b15396c75d3cbe2b73c974af879059c2897015d54823098c5335ad1162b592320e31f281e95eb9710a05e071dc62b96f12db79903845078e302b09c9def73abd84145a48f9e357b05f35bcbcf1935cc4f76079b1b7f7702bbbf1069f7967773b00cd13fca8517273ef5e77a8c4cb712ab0c329c608c57a546a29ad0f16b52717a8af76659439183818c7ad68f87b57b8d235fd3f59b6ff8f8b1ba8e7520775233fa563282188c7ff5aaed842d73736f6c87e79a6489491c65982ff5ae9b6a8e7b1fa71a45e2ea1a5da5fa2954b98526507b0600ff005ab60d50d06cc69da258d829c8b6b78e2ce31f7540abc3a56803a9734dcd2d02171480f3d0d2e781406c8c839a0a035c8fc65c37c29f1502383a4dc77ff60d75c7a5723f18f1ff000aabc539ff00a04dc7fe80680297c01247c14f0782493fd9309cff00c06bbbcd705fb3f7fc913f070c37fc8260ec7fbb5de5020cd14a6928105145140086bc7ff6b7f0e7f6e7c24b8bd43fbfd1a65be4017716500ab0f6e1b39f6af6035cff00c45d1a5f10f81b5cd0a06092dfd84d6f1b37dd0cca40cfe3498d1f9c32200e36e5b9e38e7f1ae8fc3de136d45d65bb0eb1923853d89ac3803aceb1ca855e33b1d49e8c0e08af73f0ce9b0c1636f2153929bb19ae1c4d4708e875e1a97b4913f8774bb7d3ac61b6b58843101903183f8fad7536084000f619aab6b0a95002e79ee7a56dd9da860bb881edd2bc86db7767bd4e118ad0bd6aebe5e0e00356e101ba1fce92dac43229ee7b7a55c8ecd9491b4f4ab5265be5183ef640180714331e72703f3ab46dfe5248e71491da93ce463d2aacf725345099be538383f4eb58b7e84f271927d2bac3640838cf61923a563df4502cacac572a395ce587be0529c64d6c0a51bd8e326b68cbbb889467ef1c0e6b8cf15784edb5247736f19241ce40079ef5e86ff65964754953703d37f7aa33c1b58ef518278f4353094a0ee8caad384e3667cc1ad69373a5ea525a4caf853f2b118dc2ba6f829a4a6b3f16fc2ba74a3f752ea71bbe46411182f8ff00c747e75d67c69d2e31a7c1a8471057128462a3d41c135b3fb18e96979f1666bd92dc3ad8e9f23063cf96cc4007eb8cd7b5869b9c4f06bd3f672b1f690e7b62940e2917a67d69c3a574dcc44c52d14531580f4a6448c80053f2fbd3e81d6818a7a571df1a4e3e12f8ace01ff8954fd7fdc35d9571ff001994b7c28f1580013fd9571d7fdc34014bf67de3e09783b1ff0040887ff41aeeeb84fd9f083f04bc1bc1ff0090443ffa0d77740828a28a0414514503b08698f924631f9d3dfa715e37f1c2fa63e29d37487d46e6d619ad9a481a16c14941386fafa56556a2847999a52a52a92e547cc3f1c7468741f8bbe21d2a181a08cdfacf0e7fb92ed72c3db7161f9d7addaac5169f0bc9b624110dc7b2802b96f8ee35bd674ad02f756682fa6d26e44325f2c589a689f001703b820576da869f15c5ac56f3460a08d7e4c9c9181d6b86bce338dd1df87a52a72699cf5c6b9757885741b691e2dd833b47c1c7a552b9f14789f4ec8b6d3ae9b3905a5b72c8bc8e6acf8975987c3d6d1dbc0c968adf2ee08491c70100ea4d41e22b9f15e97e14b1d62e34d58fedf230b5b5d427c4d246a32647c7ca99ecbd4d73d25d91bd5938adc669df127c536d7023ba86368db19668318fd6bbcd17c7334d179d70aa4647caaa335c1785b4dd53c51a35ddd1d1e2b7bcb3852e1d6d2e4379b13924328e41fa707f2abda3d94b1471ba959a12701c0c1f70475047bd3ab78ee828c9cbadcf62b6d4e2b9804ca30a40c29158fadebed6b14821daa79c1a87402b25b29246471591e288c48ae154b71f9d73fb46cee70d2e79ef8c7c45e34bf95ede0d58d9d86712305c1c7fb26aa68edacc091be8e97314dff2d2796e0bb49fef03c1fa5765a1f82afb5cd761b5259218f32cd30195853190a07763d3dabceda49e3f15dcd85c6af7a5e19018f4d6b670930321531ef1ce40c1cf735db09b92b1e6558b4ef73acb1b2bed439bbbf86d6ece58c91b720e3d2b5ad2df58b4b8921b9bcb7bfb627e528a432d27c44f87b26877505d687ab19ed9d518d95e7fad8432f3b241d40f435aba1d95c7d9cb4c84328e7775ac6a68ecce8a11e65a1ca7c52b2fb4f832fb09b9a131ca7b602b73fa13563f66ebd8bc21e08d475ad2e39ef7c47ae4c2186268710c11a1e199b8c8c64e2b7fc4ba70bcd1350b162333db3a0c8cf254e3150fc248e297c1fa0e9eccb0178773f38240c64735a52adece2ec67530aaa554a5b1eadf0dfc71a9ea5e223e1fd6e44b8b96b53711cd143e5a70402bee79fd2bd3335e11a013a7fc4ad1a68c90b24cd071ce55877af764fa63dabb30d55d487bc726368468d4b4761d45145759c41451834b4009935c87c69ff924be2ce40ff894dc75ff0070d7607a571ff19bfe493f8afe52dff129b8e3fe0068029fecf831f047c1dc9ff904c279ff0076bbbae13f67cc1f823e0ec73ff12987b63f86bbca09128a28a0614514868181af19f8d516ef1e6852cb1831089955c8efc9c57b2915c47c5ed345ce8315f2afcf67287cff00b3deb97170e6a4d1d582a9eceb291e09e3abbb7ba5934e4123899933dc0c106bac8009240401d30306b9078a35d6ae609572e2232427f0041aec74593ce0ac70370cf5af1e1a46c7b724b9fd4ada968a923a4ab1a1994ee47c0254e3dea6f11c96de2bf0ec7e1ff156991dd5bc78f2e446db22907af39aea6de0564407047bd24da55bc9cb42a7f1a74e728ec1529425b9ccf8222d37c17a2cfa5f866c04266e6599fe79180fba3f0a8e4b47def3b2e5a519906dc64fa8f7f5aeb069f122fc91aa0fa5656ae8b1aeddbfad3a955c9598e9d2847e123f0fc7884855c73e94ef23cdb97c8190ddea4d146d889ede94e0eb15d92c783589bb571c9693c2de759cf34127de6d92639aaf7515d0d4ff00b47cb8fed58ff5c6205b3eb9ec7deba9b048ee21057683ed537d8b69e4061ea6ba536d1cef92faa38d8f4a96ee5f36f19e46c824b9c927357a4b6f25188007ae2ba2921500918e3b0aa37689b4922a26ae541a5b238cd6d4451920138c11f5e7fc6b26c74a16de1cd2f534216556718cf6dde95a3e2f9161b4999485380064679269f1412ddc16b6c89b6cacd544afd4c8d8ce00ed4af688a2af54ebbe1bda0bcf155bdcca9916d6a5f95e8c781fa66bd757eed713f0bb4f31d84fa948bcdcbed8c81d116bb7af5b0b0e5a763c5c7d4e7acedd34014514eaeb38c28a17a503a9a00075ae3be3436cf84de2b7f4d26e0ffe386bb1ae3fe347fc928f15fcdb7fe25371cffc00d0051fd9eb3ff0a4bc1d924e7498bf9577d5c1fecfcca7e09f83be607fe2530ffe835dd9a090cd069314a281894529a4c50310d57d42de3bbb396da650d1c8855811ed5669afd47ebf4a9924d598d369dd1f386bfa1fd9b53b9d22f1545c43b85bcd9c6dc8e39ee2ab68134d037d96e0e248d88257ee9e7a835ea5f167c3b3dd791acda42cef129499506491d8e3bd7965cfeea64392ac5b9078c7b1af12a527466e2cf7a9555560a4773652e6243ed5a09282a3d715cd69b763ca5c8c71dab5239836319e9eb593d0eab5cd1b89018f818ae475cf3ae263e4ae5507240e2b7a6998c0403c81815c86b1ad6a9a640d0d869705ec8c7e65966f2b8f63ce6a5ea528d8eb740b291ad1495662171d2a96bb6b32ca154632719f7aafa078b0c562a97c91da381b8a06dc179f5a66b3e24176fe669ef6cf27fd34e41fc2ab934173eb6373c2d2cd11105c02ae3a123835d33c8a5402c0f15c0786352d46fa7335fc712153806352037e75d4bdced007538ad534919b836cb17120191902b1f52b81e511bb902a4b99c16c83d7deb07529dcb940073d4e6a5caeca51e5dcc3d7634bd9523932e9bc3707a91daba5b1826befb2d94600f39c2a8031f527f0a4f01f8722f10dfdf24b33c3f6744689d0670c49ff000af4af0ef83ed74bb94bb9276ba9e3fb8586029f5c56f0c3ce76ec724f170a6e49ee743616f1dada456f12058e350aa076153d20e06296bd58ab23c26eeee14b4669315603a8a4c8a5c50025725f193fe49478ab827fe25371d3fdc35d75721f1971ff000aa3c563fea1371db3fc0680337f676c9f823e0e3c7fc82a2e99f4af41ae07f67818f821e0effb0545fcabbea0560a28a281d82928a5a00434d34e349400c239e82b88f8bda5472782eee6b6b68d658a4494944192030cfe95dc9aa5addb0bdd26eed08244b0ba71d7906b2ab0528b2e9c9c64b53c034f98f948d9eabfad5f86ec9c03e9583a7b3c41eda6cac90332383c631534728129e4d78538eb63e86955d0e8a5bf8e18373c8060679ae4bc43ac1bab79174f0249d53747c6413e829dad4896d6a66943c8bfdd009ac88358912dc1b6d26e06e4ddbbcb3c0a5186a13aadfba87e8f657f6d7101bb8cb472b6e99a4e4283ce2a66d1ef2e167bc85047e53936c070187a52d878a1da0673677784cee46b662491e9eb524dacea37b1ee874dbcd8cbf22794576d6ea20a8bb1b363addcd8451a5d5bb93b00240e86b52d3c456d74c10968dba007bd71705ef89363c634c91e2c124ccc0718f7a9bc3b15dcb0f997b626d9c31e37678a994439e51763b29eec9e323f1159d712ee0c4f6cf3513c8235c127f139aa179741617604f43daa631d6c8d2735d4f55f81d09fecbd42ecedc49701063d941feb5e8e05731f0c34c6d33c17611c8a566993cf94118c3372457535ed518da091f37565cd36c6d141eb45686614b9a4a2a8014e474c52e4d006283d280026b92f8c233f0b7c55ff00609b8ffd00d7595c97c64257e14f8a88cffc826e3a7fb868033ff67aff009221e0dc3038d2e2fe55dfd701fb3d71f04bc1c366dff89544791ed5df5002d14dc9df8c718a534085a2933ed466818521a0d140808a63f009ee39a793587e34d761f0fe8371a84a7e651b221dd9cf4a16a0dd91e2bf1661b0d2fc7f70967768f24f109ee6dfbc24f1fad73f6d30f3c377f7af3ff03eb577e24f16f8a357beb979a4999554bf24283c015d6c3218e55df9033debc9c4412aacf5f0b51fb34ceb76c722fce01fe5549de4b52648d4c8179d9fdea5b56f360ca135225b79a177124e3deb9652e5677c15d5d22e5b78b2ce2b406685e0762461d32c39e831914d6f16db5cc256d8a17618fba41a88e90ec37aecce78e3a7e74e8340e84ec047703ad5aa9a0dd6927b152169ee9b324bc7a1e6b42491234daa074e4d0f65f6552a84124726a94df226598d6729b6ca76b5d95ae67cf3ef59d34865578d4120119c7d696695a5944718cb1fd29e21112b063db2e738cfb56f056926ce39cdcef63ea3d3ff00e3c6dc9ebe52ff002156735c17c1ff00168f11f86a149a40d730a0c1fefc79c2b7e9cd776bd2bd9945c34678574f6168a297148625140e4f422815403a90f4a5a434084ae47e3280df0a7c540ffd026e3ff4035d75723f1971ff000aa3c55bba7f64dc7fe8068194bf67be7e08f83ce5bfe4151751ed5de66b82fd9e940f823e0ec671fd950f53fecd77940851d68a4a33408522928a0d2b8c28a4cd616b7e2cd0f48729757c8d2004948c6f61f5c74a6949e8912da5b9b32ca91ab3c8c111464b1e83eb5e09f16fc4cdaf6a0f15b3bad8daa944f47604ee7c7e95d1f8cfc6c759b1167a7c72dbda4bcc8cfc3b8fa7615e73ad2992070b81942303a62bd4c160dc939491c38ac4a4ac8f2af8401adaf75b80b01fbe5e0f5c7515e8ed1a32ed9064d717e1cb7fecdf165f4516512ee25720742c3ad770899407b673f4af98cc62e9e21a3e8f2e9aa9874c4b6b896cca095be438c1ad6b5d430ca7207a5654c4347b19323dea9bdb4c809b69802070ae6b895a5b9d7794344766ba9053c1078e79a7c7a9ab0273cd79fdfdeeaf6b0867b27907fb1ce6a8586b1addd6447612a019fbdc7ad5a481d66fa1dfdf6a6a32770cfd6b16e6fa4b9630c60b6efe207a5675b59ea17015ef9c21ecab5b1636aa9840060f5354a2814e726496168228c907737f1356778ae75b4f0f6a570700476927e6548adf0b88f19c0c571bf132e163f0e4f6c1817bb220507a1dc6a6379b515d59734a9d36747f05353b9d1347d16ee362592d91651fde53d457d2fa45fc1a969f15e5b36f8e41c1f4f635f2cf81e2316996c8370db101f4af51f08f8927d0a29156092e617c6e883608f75ed9f5afb7c660dce119477b1f1987c45a7257d0f61eb4b9ae73c39e32d075c012d6ed63b8e736f290b20fc3bd740a73dc1fa578d284a1a347a319c65b0f3c8e69293029690c75145140098ae47e32ae7e14f8a87fd426e3ff004035d75725f19bfe494f8abd3fb26e33ff007c1a0650fd9fbfe489f83bfec130ff00e835ddd705fb3d861f047c1dbc9cff006545dbdb8aef681051914d660abb8b003deb95f10f8db49d31248a0717972067621f947d5a9c63293b44529463b9d5b9001c90075ce7a0ae5f5ff1ae95a66e8a2637932e41119f941f73fe15e6de21f18eabab878de709074f2a2c85fc4f7ae7a56666dd23955c1e7d38af4e865adeb50e2ab8d51d22753ae78d356d5e5683cf5b5b5cf22238c7d4f5ae41f76a7762796329610c81bcb61f35cc833824f5c0a6bbf98c624f94119719edc7ea6ad13b8807a28181e82bd1a7429d3d1238e75e53ea12bbb313f4f6aa77c84c4dc0008c7156c853d2a1b95217900e2ba62b4d0e69ea705e2188595e595f827027f29b03a06eff009d75960e92463b8f4158de2db6377a15cc4a0ef61b971d8af3fcc0a6786f50692ca066247cbb5bea00cd7c8e7f46d554bb9f4d90554e9f2b3a37809048efd2a1b68991b63739e981c8ab714aaca0f6f5a5017b67f1af9e5a1f4bca9925b3fd9e4566000cf7ab3abcb6a16248110bb0e4d57922668769279a86d34d6590bb3927de9a90b90779600c0f4e7eb525a4447cd8fd6a7316d18278ea69c0aa2139fa55b968350eac8ee195636f61c579d788ddb56f188b28cfeeb4e8c3c99190647e83f01fcebb4d52f5218669a46023442cdce380326b8ef0996b9b79753940f3afe6333718c2f0147e02bd2c9a87b7c4abec8f1f3ac47b1a0edd4ee3c3b12c5022e3042815baac540c2e7be6b1f46caa28078ad9272a3d6beea7d8f8ea5b14755b186e0fda215d9329c903b9f5cd6b7867c73aee90c2da69cddc2b80629bae3d9bfc6a93ae783d2b3eff00cb3288c90b263e43fdef6ac9d18545cb345b94a0ef167b6787bc69a46aa8aaf2fd8ee0ff00cb2948e7b707bd74c181e9cfa7bd7cd8aec100e382319edcd745e1ff00186ada4948a39cc908e3ca93918f5cd7995f2b6b5a675d2cc2fa4cf72cd29ae3fc3fe3bd3351444ba3f6299b801cfc84fd7b57590c8b22074916443c820839fcabcba94e54dda48f42138cfe163f35c87c6727fe15378afaff00c826e3a7fb86bafc835c9fc64c7fc2a9f15640c7f64dc75ff70d41a18df02ef2d2c3e05f83e6bab948917498725cf5f97b559d63e22d8c28574c81ae1c74790ed5ff001af18f046a13ff00c2adf0ac534acde5e991a0539e00dc3a7f5a74f79bc601c9f4af5b0d9773ae691e76231becf43a9d6fc5babeafb96e2f192204e628c6d503fad73ad70a1000ca07a0154c4aec0e4e07ff005e90142002bcfad7af470d0a5b1e554c4ca65949f392a73ee6a2bab8cc8727a0e48a81a4448db39181d3d68b15f3a50f267ca04649fa702b59ae5d4ce1372958d0b58d90b79a46e7f9891ebd854b203bba10475a86e2e2ded22fb55ddcc56b121f9a494e07ff005eb8ed77e22c30cad6de1fd39efa5030b7570a4440f3c85cee615836ee752b2576cef155ca8214e091c0a2ea32223210ab8cf0ec067f0af0cd6f54f887aa46c26d7ef22461c436aa2145e3a0c738ae6a3b4f1245abc52cd737ccc93296669d9b70dc3ae6a2a55a917f097085392f88f78bc39b7dae8541ce4567683a6aac925bc608dd92bf5ad9ba22705ff8bbd416332dbdcab28e770c578fc454ef4948f4f216a359c6e25ac92c32b5acc3e64ef5a0cdd2a7d4e3173711ceb1a87fe2ab434ff31030ebb6be25ee7d9c62ec558ae48cab0cd4e2f5150fca3355e4b59933b91b00e29a96d293f2a37e239aa8bb1569226f38c87238aad73336304e6b460b22b192fbb18e062a18acc79865b8ca20ec6b4e6562669b5a9c5f8cbcebab48f4d4e0dc3a8723fba3ad5bd3220005c700701474a66b1325debd20b78cbf940200a3be2aaf882faf748f0edc5ce9d124ba965638519430424fde20919c7a57d86418674e9caa347c767988552a2a69e8779a744445d08271f855d07193ef5f361f881f142c64666d7ef401fc2f12ec19ce78c7bfe95b9e1ef8d5e2285963d6b4ab7d4a327e77893ca9464f6e71f9d7a6f191e6b491e7428351d19eeee4119fceb375eb6966b07780013c637c5c7f10edf8d63f86fc7be18f1032476d7cb6974dc7d9aeb08ff81e86ba770c0e7d7a1078aeb8ca2f54613575639dd1b534bfb659361055b6c887f848eb5a04878fe56dbffeaae5f5f85fc3fe268afa04c586a2db6503a45367ff0066ebf856b433ee9490d9555ae86bac4e253b7bb23455a451f7cfe35b1a1788f54d21d1ad6ee448cb7299ca37e15ce0b9e395e0f352070c37038fff005d675282a8b9648b85670f84f59d0be255acaaa9ab5b3c52671be1f997b724751577e2bdfdadefc1ff00155c58dd453a9d26e3e647071f21f4e95e37bc2a83c86fe755bc45753c3e09f1045048504da65c2ba8380c361af2311964526e2ec7a7431cdbb48c7f05b8ff008579e1c5c938d3d3af6e4f4abf1f1dce7b66a87834ff00c5bef0eb004ffc4bd3a8f735719b0c1ba835eae17f8313cdc63fdeb2ce40524f6ff1a891f7459c6090691dce703b9e946e58d195b04006bab94e5722bcbbe490c7c85e4b7d38a7dddcddc106db641bbaa961d2a7d3e31e53cb20c339cf27381570c6ace32aa47bd67a37a96a2f9747a9c55ce9f7da9c9e65dcd2cee738573c0fa0e956ac74082397cc9937118fa1aea1e221c6c518e7b74a1106718e94e7cb7d088c25f6999579696e9102a8000067a57217f121bac8527073d3a735e81770075c715cd6a5a63890381804f3c527ab071b6a745692477168b2c6e1be503a8eb59f773ac3751abb6379c018e33c5655a4b7162fbd036d1d57d6b72de08353224272a8036d3d54d7262f0b1c441c247760b192a13538f43b9b08ade7b3594e093c904719ab71aaf2176e31e95cd5a5d496449519551f3293d456d5bdc47346b346f946c707a8afcff1d97cf0951c5edd0fd132ecc218ba575b97a60a51b72a9f4e2abbc436f0a07e153363616206055569d41201c9ec2bce69ec7a1b22468d563f9c80546493585a8cc1c9db8dbeb9a9750bff00325f22271e5467e76f53e959f7322f90ecaa780702bea324cae353f7d576e87cd67599ca9af6549ebd4c7f0288edf5cb8bf94a990453cc0e32338da33f9d666a654a84232e497739ee69cd70b6c36843e6b0c0507900f526abbb125b9393c9c57da50a2d4b999f0989c45d72a33a4b08642728b8239c806a24f0e5acd92b1283903a62b66084bb1e0f20638ad4b4b621b271d6ba67083e872539d45a2671d3785557e644071ce3f1ab7a56a3ace8ce90c5772f900fcd14bf329e3d4f4aed842bd0a83cd4379a75bdc4603c6a38e4fe15cdcb13adfb4b6e17f7569abe92f697e044b32e55c0385707208f4aa1622686ce2f358ee030c47f15497b6be5db100e7047e59a962553641739c0eb5ac60a3121ce53767b8e12a95cfaf6a9626263dd90306aaece41ce075fad48f2151b3039e95562798b4b29620e78154bc552ff00c51bae02a581d3e61c7fbb52072005fcea9f895c1f096b2bc64d84b807bfcb58578fb8ce9a32f790cf0691ff000af7c38b9623fb390e07d5aa5b87d9048c5880ab9cd45e0d21fe1fe80a0862b6083f0e69babb81a6cd820617ad6785d68c478c7fbd6692856d92eef976839fc2a32ad3308c1041e4fd29f19f32da12bc831ae78f6a542a819d860b70315d3b6872f4bb2780008547dd02adc7f7978ef542db1b40e793579492703d78ace5b9bc35439ce1b91de9ae02b64e6a4e4b74e3148c9938cd229a187e600f419a8e68432f2011ff00d7a9482303ad3cae53a90681dae8cbbab18d946071f4ac89e1bbd32e16f2d9895cfccb9e08f715d332b6d03350b26721b69523a629dd2dc871b126957d06a767e74582cb80ebfddabd6531b79d51f1e5c878f406b94b8b1bab2b8177a68224041d80e037d477adad3b50b4d5aca443be2900c4b1b1e51bdbdabcfcc7051c55271ea7a3976612c354523abb9d4ed12c02861b9b8c119c9f4ac5b8d4614b6926326c741b555ba927b0ac4d3a3bb59c581d8f71b8ed2edf295cfa7ad32dad9a6d6de662ad1dae634da4e1e4e72707d2be1a9606556b2a3d7a9f6f57318c28fb45f2342da2dabc966e7271c96359faeea896d9b7b67492e7f88f509ffd7a8359d67c812da58b86b8ce249b3c267b0f7ac6b4b59272caa5d875dc4f53debf46c2e1553825d11f9d6371ae537d5b23b08d9e52cf96663cb1ea7eb5b369a796393d07ad58d3ac521400f24735a3126d00e6bae5517438e9d16f5910436813180318ab0b1e380b81c549b4e71934f1f2820fe758b91d51a696c4655b8e3233e94a578ce3f0a950f4cf3dfad3b2368a45d8cdbf8f7424a8c7e3ef50db8c4383803e95a13f0a4638aa6cb81c75ab5aa319c6cf42b6729b7fba48c9a8c36e9cf4c2f39c71c524c4a3be7eeb7205578242d6b3e7195422b44bdd39a72e5761f0c8cea65dc7e73c0f6a8fc45211e13d58efc62ca5cf207f0fbd3ad1835bc231b7e51c545e2707fe111d60a647fa0cbd07fb359d75ee336c3caf3441e03b91ff00085e8119017162a33f89ab7ace0e9f7076e018cf6f4158be0e90a7847475386ff43465fa735bb764cb6320da39439fcab2c32b5187a15899deacae58b3990e976d2e47cd0af3e950899a76f94fca2a859333e8764a3a98c0c7e27fc2b42ca3548f038f5ae8495aece5949bd117ad780a0f38ad041f38aa368b85e4f157a3e1f19ef5835a9db4f4561c1b69e9ed4a4e5b34d39dc307de901c4941a123a8c83c7149d471eb8a0927bf7a563c038ef4806b282b9cf4e698d1743520c6de46691828032714311094fef63b738aa573600badc5bbf953283cf63ec6b48f239a8a5992081a563c2aeee94db7d04d230bc4efa8dc5bdb47a7284d55a65891d9b6ec4cfccdf4039a4bfbd10dafd86c272db3e57980f99fae4fe35b5a3e9b61ae47a74f772ea11b6b178f69035a32e2255e49707b138e9dab2134c7b18e4866915e75b831961c821588fe95cd42850fac4a496a695b118878754efee9534fd35982e5481e847eb5b76b6d1c2b9441d3934f8812b9c743d8d4e80e42e381d457a129dd58e2a749458e857a83e9520036e3d29b1632477a7f1ce5bb562750a0618d39f07803041ebf9534905b839e2863f51cd0317d0d35f23183d2978e739fce90f414086be181cfad5672a0f22a67386eb552638241e7e94e2448ceb92649641cfca38fa557db8b6b9014ff00ab26a4bb668aeb3b46d618a2e5585acd22b614c679ae85f0e8714b591159bee86163d428151f8a5f6f84f56c1049b39339381d29ba5487ec71b36318fcaabf8ae42de17d510727ec921e1b1daa2b6b07e86b87769a29e88cd0f84fc3ac7383a6228ed9209153cfa908cbc008dc50f06a86853349e04d11907305aaa8c81df27b550d49d846272a0f3b5883d01acb08af8787a158b5fed3348def0ccfe6e876619ff78a5d5bdbe638ae92d509507ad79f784eebfd36eec59824b0ca1b1ea87b8aef6c2f12767894ff00a9009f7143a89ad098d369dcd1870139fcaa62c7cce00aa30ceb26421cd5be7764f14ae6f17d89b702e38e40a06376474a6390181fa8a6eedcc31c7ad057312b1c3fb53dd86d18faf3511c86183c53dcf0338a561a62e3208e3229aec380474f7a76ee0e4123b5210bf2f38e3d282871db8fb871589e2a97fe25a2dc1c34adb3fcfe15ab3c9b223c678ed583a983737b6ca413b636603b76aa8c6fa99d4959345ff06ea3abe971dc47677462b777de23740c2362369742795247071d694c263780be0a8939e7ae41ebf9d4d631e1063a0146bbbd3489a445c98d91b3f8f34384633738f5262e4e9a4fa1398b6f00714e8c9ddd7f0a87cfddc8241a95080dd3f1aae809ea394f53de82c73838e7bd226719e3a5231391c641ea7d2a558d07a392c73da9eff708e39c735083b58827b53b78dbc74a2c3b8f27e5148cfce3d298db49e69848193d00a561363679406233dfd2a9b4831c1e6a59df249cf7e2ab6eea4fa7a56aa26129156fc79b1ba024b75159b2bcd0db4aace4c5b7a517d76c357da8d8017d693579562d22ea618da9196e7a5691d16a73548f33ba23d3e606cd5411ff00d6a8b5c91a4d1f56429c2d8480fae76d63786afbedb6e5631b9507ced9e14f503eb5775e658bc31a8b12cd23dbc859b38ea318a55249d376ec3a49aab14fb91f820f99e1ab3b620e25b4465cfb022a0bc81551e36008e411eb52f8740b7f0f787dc0033668a7078efd6aeea9022dc6ed80ab019c5658357a315e4698c6d569b388925934ad462d5943c8f6aaa9347d7cc88e707f0ae93c1fa8192f355bb59cbc332c62063e98c915475ab5063575077804364f04135ca69da87fc2377ce5ccd25b4806235c631dcd70e2b9a85452fb277e15aaf4f97a9edba6483c9c839233fd2b5a3258e7dab97f0f5fdaea3a74575632ee85d73b49f994fa1ae82ddf8c66ba2125357461cae0da9171c8ce09ce0d1bbe7e00e4557058c9d7ae33528e48f5c558b725dd92013f953f8238351630739c53c9c630334ca4499f9541edcd3989e314d6dbb413907d698e7182b86c0c9e2a1a6cb286a92b2911838ce338aa4a18eb36e30c41b66edf4a599cdc5db37f0a7af7a9142b6b76c3767fd1d80c1fa56eb4472b7cd26695a602b367183d3f1a5d694c9a35d2e47cc9de9b6e00dd934ebc225b0b843ff3cdb9fc2a1ee6c9fbaccbb0b890c3189147dd1c8e87815a51be79e3a751589a2b892c235249da48c9ad18dcc7193d856b248e7a72d0ba24f7e00c519ee3907d6ab46fb8641e4d3f71e99a8b1af3937218e07e74b9fe1c60e78f6a815d77104f34e69001c9ea690f987961c8279e9514efc11edd7f0a8e57e093fa55696552807bd545132a81732118603fce6b3e5bb2aa724e7d79a92ea750769209ed5997d3048f2cd8cf2066b5b1cd293327c45766de686ef20139539edc75ae32e7c4da8cfa3dd599224376e228829e4f3926b5fc557092e9b756f2c9e5a952cac7a86033fad731a05b896fed719d912fcbed9eb5e7e22a49d454e2f73d1c2d187b37524b63bdf06d8c763a5c56e4723e794ff7dfd699e3cbaf2f40b9500fcc9b063deafd8855b7070405ae63c6d2bcf6620461cee761e800ae9abfbac3348e38375b128ded0d43784b48504e0d9ab0e7d335a130fb45824e382063afa552d1418bc27a03956e6c909c8f5cd5cb7da8f2db1fb872ca3d38a784b7b084bc858dd6bce251b8513db60b0241ae2bc4b6624b52060b46c0a91e9839aee672bb4ae39e722b9abf07cd6030063a5562a9aab0699382ace94d321f83b73247797d0ee3e5346ac319fbd9ff000af54b0ba2d2952471eb5e57f0f5560d7b5080820796248bf038c7eb5e8b65bbcc24f5af2b09174a1cbe67ab8c97354e6ee8e8558330e71c5480856e3b8aa503b64f4073529906f014e466bbd6a71b762d6ec90339238a918ed00035544b87cff5a269f9561c63f5aa05245b2ff2f079fa7b556d4262911c63247ad244ee79c63d78aa7acc8a42c6bf78f5a211bb0a93f77421b739400f538a993fe43366d924889c01fe34db65fdd0fc3bd307fc86ec157eeed7cfe55a4fb1845e9766a4670cde80d499db04c3a82a73f95416c279ee6482d6cae6ee44e59608da42a3d4e3a5124b1986e72594a26195c10c0e3a60f4ac54973729bf36864692c891bafa39abd23816cc79c566dac7b1a51ee08abe4836ca3037b3803f3aea672c1f42c40368c11c8029c4fcd9a48b01005eb8e6937303818cd64cd50f5e189f6a490e7e6cff009e285cf71ce2a26381d73cd340f41b239d8076ff00f5d53b8600000fbe6ac4ed9039c566de49f2f2dc0ad12b194d95750700eec658838e6b1ae6462a3391c7a55bba9327a66b3e7f9bb1a2e447539bf1ada9b8d2564c8f91f39a8bc28a32ab83941cd5ff001440d2e98a9182424c246c9ec3ad43e0a459bcc751f2c921da7d81af35c7fda5367ab06de15d99d73332daa42aa4bbff002ac7ba81667d5811b85be9b29c9e70715d090155a462015eb91597a5a337863c497c41065b599578ec057762237a4e27060ddeb2916ac81ff842f4060a411a7c6300839e4d4ec721640718ff000af2fb0f17f88a2d0ed2c1352616d146a889e527caa01206719a645e33f130853fe268dd7bc49eff00ecd7061b18a3422adb1d98cc0b95794ae7a56a8300c8bd4f1fad7377c4120f19cd73ade2ff00113c6776a44e4f39893d4ffb354975dd5678c79b77bbbffab51dbe95d0f17ccb6308e11c7a9d7f83b69f105e0dbf31806dc7d457a25a280c093c9f7f6af13d1358d46d351fb45bdc9494aed2db41e38f515d3cde2bd7e31384d40a80011fba4e3007b7bd72c26b96e774e836f73d38ca198124673eb4be6fef4f22bcd7fe129d7846aff6ff009991989f293aeec7a7b54b71e29d75253b6f57ee13cc119e70c7fbbec2ad57b6963174353d24c982327041e723a538b6e2b9ec0fb57112788b5863231bb19540462141cf4f4abd73adea6935b15b9037ae5bf749cfcebedee6b65534b993a76676499c719e9ebed542725ae4124115cf43e24d64d94ae6ed772b90a7c94e381fecd40fafeaa6d6373729b894c9f253b84cf6a70abadc75285e373b18ff00d571db18aabd352b190e70a594fbe45725ff000936b5f6c107dad3cbda3e5f223fee93fddf5ab16bad6a4f6e37dc06f2f2cb9897821411daaa556e44695cf50f0dea166ba16a5a35c6abfd893cd76b722fc332aba0c0f2f2bc8c609f7cd51f185dd96a7ad6a7a9e9e77412c2abe638d86628b83263b66b86bdf10eae35158bed436320dcbe5260f27daa2d53c4dadc56170d1de283b40ff5119e307fd9ae454f96a7b4b9d6e6ea4391ad8dc24a4f12b12bbe153f5e2a732736eb807e6e6b87bcf116b0f0e9eed760b3e031f29327e55f6f7357d35bd506aef08b901150b01e5af5e3dbdcd76aad7471fb069ee7671b642fcde9c501867939c13c03d2b87b2f136b64caa6f060118fdca7a81fdda960f12eb5e513f6c192c07fa94f5fa7b542aa99afb0b753b42fc024f35138246475ae2757f14ebb024822bd55c2a91fb88cf693fd9f61f9554bcf16f88049262fc0da78c411f1f29ff67d85275d276b09d06fa9dadcc9f26d04e4f00565ddbe10ee233dab98d5bc55af46bf25f05f914f10c7d79e7eed64bf8975a948492f772ed1c7949fe15a46ba7d0c2741bea75531c9e0127fbbd2a17184f980cd71b75e23d6444a45ef27233e5274ddf4aae9e21d618a16bcc9c81fead3dfda8f6de411c3bee751ac12da6dcb2fc8444dee464551f86e00b241b49dc0b7d793cd633ebdaab3229ba055d5830f2d39e3e9553c37acea5696f2adbdcf9603100045e99fa573549debc65e475d3a4d5271b9e99ac5c18b4d75e039181f53d2a7b8b65b4f01ea902a64fd86566fa95e6b82d53c47acba405af3255863f749e87daafea9e26d726d12fa092f898e4b6757022419181e82b6af5fdd6edd0e7a14792499ffd9, '10510211', '2016-06-04', '2015-2016', 'Gangadhar', '1990-05-19', 'male', 'India', 'Andhra Pradesh', 'Hindu', 'Kapu', 'OC', 'Telugu', 'Sankar Reddy', 'Savithramma', '#5-86, Sanevaripalli, Vankarakunta,\r\nNallamada, Anantapur', 'Farmar', '#5-86, Sanevaripalli, Vankarakunta,\r\nNallamada, Anantapur', '8985505675', 'GPREC', '123455', '2016-06-01', 'nineth', 'English', 'Mole on the right hand', NULL, NULL, '', NULL, NULL, NULL, NULL, NULL, NULL, NULL),
('', '10510212', '2016-06-09', '2015-2016', 'Phani', '1990-05-19', 'male', 'India', 'Andhra Pradesh', 'Hindu', 'Bramhin', 'OC', 'Telugu', 'Sheshu', 'Sundari', '11/A', 'Correspandent', '11/A', '9876543210', 'GPREC', '123456', '2016-06-01', 'eight', 'English', 'Mole on the left knee', NULL, NULL, '', NULL, NULL, NULL, NULL, NULL, NULL, NULL);
INSERT INTO `student` (`PHOTO`, `ADMISSION_NUMBER`, `DOJ`, `CURRENT_ACADAMIC_YEAR`, `STUDENT_NAME`, `DOB`, `GENDER`, `NATIONALITY`, `STATE`, `RELIGION`, `CASTE`, `CASTE_CATEGORY`, `MOTHER_TOUNGE`, `FATHER_NAME`, `MOTHER_NAME`, `RESIDENCE`, `FATHER_OCCUPATION`, `FATHER_RESIDENCE`, `PHONE_NUMBER`, `SCHOOLS_PREVIOUS`, `TC_NUMBER`, `TC_DATE`, `CLASS_ADMITTED`, `MEDIUM`, `IDENTITY_MARKS`, `BRANCH`, `CREATION_DATE`, `CREATED_BY`, `UPDATED_DATE`, `UPDATED_BY`, `ATTRIBUTE1`, `ATTRIBUTE2`, `ATTRIBUTE3`, `ATTRIBUTE4`, `ATTRIBUTE5`) VALUES
(0xffd8ffe000104a46494600010101006000600000ffdb0043000503040404030504040405050506070c08070707070f0b0b090c110f1212110f111113161c1713141a1511111821181a1d1d1f1f1f13172224221e241c1e1f1effdb0043010505050706070e08080e1e1411141e1e1e1e1e1e1e1e1e1e1e1e1e1e1e1e1e1e1e1e1e1e1e1e1e1e1e1e1e1e1e1e1e1e1e1e1e1e1e1e1e1e1e1e1e1e1e1e1e1effc0001108013b00f003012200021101031101ffc4001f0000010501010101010100000000000000000102030405060708090a0bffc400b5100002010303020403050504040000017d01020300041105122131410613516107227114328191a1082342b1c11552d1f02433627282090a161718191a25262728292a3435363738393a434445464748494a535455565758595a636465666768696a737475767778797a838485868788898a92939495969798999aa2a3a4a5a6a7a8a9aab2b3b4b5b6b7b8b9bac2c3c4c5c6c7c8c9cad2d3d4d5d6d7d8d9dae1e2e3e4e5e6e7e8e9eaf1f2f3f4f5f6f7f8f9faffc4001f0100030101010101010101010000000000000102030405060708090a0bffc400b51100020102040403040705040400010277000102031104052131061241510761711322328108144291a1b1c109233352f0156272d10a162434e125f11718191a262728292a35363738393a434445464748494a535455565758595a636465666768696a737475767778797a82838485868788898a92939495969798999aa2a3a4a5a6a7a8a9aab2b3b4b5b6b7b8b9bac2c3c4c5c6c7c8c9cad2d3d4d5d6d7d8d9dae2e3e4e5e6e7e8e9eaf2f3f4f5f6f7f8f9faffda000c03010002110311003f00f5df817f0ebc07aa7c21f0aea3a9f82f41babc9f4e49259a6b08dddc9e72c71cf41d6bb64f855f0d3771e02f0d7073ff0020e8fdbdbd8543fb3f71f04fc1d827fe41107fe835dd501cc70a7e10fc306273e01f0f7cdd40b2503f414a7e107c306186f00f87fbf4b441d73fe27f4f4aeea8a093811f06be15600ff840741fc2d80a4ff852ff000a88c1f00e85c71ff1ef5dfd28a0679f3fc15f852e727c03a274c71063fad4137c0ef84c595cf80f49c839042b0c7eb5e914527a85cf3297e04fc249305fc0ba7647a3c83f9350df027e130185f0458e00e07992e3ff0042af4d3494b940f337f815f0959483e06d3fa766907fecd4f3f02fe1398c427c1360630720179323f1dd9af49a4dd8ef4597503cd4fc06f848dcff00c21363c72312ca3ff66a67fc286f84c8aa83c17661146003712e31ff007d7f9fcebd0f54d4ac34ab57bad46f20b4810659e570a3f5af33d6fe3e7c3ad35da386faef5075e716b6e483f42700d3b440b6bf027e119057fe106d3c83ff004d2539ff00c7bfce4fa9a13e047c235048f03586318c79927ff155c3ea3fb516831b30b2f0aea938ce14c932c79fc39a96cff69ad11f1f6bf0bea302ff001324c9271f4ea6a6d1b81d9b7c0bf84854ff00c509a77a7de93ff8aa48fe047c240ee7fe107b1e7d5e43ea7fbdeffd3b545e1ff8f3f0d755291beb32698eec1552f6231e49f7191fad7a2e9daae9da95aadde9d796f7903f4960903a9fc453b203815f811f08d576ff00c20da79e31cc921ffd9a957e05fc268cfeefc0ba7671b7ef49dffe055e8e8e1bbd3c107a1a2c079d2fc12f8508723c07a473eb1923f2cd3d3e09fc280011e01d147fdb13fe35e86296a8679e2fc16f8529d3c03a1f3d73053ffe14d7c2ae31e00d078ffa761fe7bd7a073ed45023811f077e168500780740c75ff8f45a07c21f861961ff00080787be6ebfe86beb5df536803841f083e176c2a7c01e1eda7048fb12ff003a4ff853ff000bb6ed3e00f0f853d7fd0d7dbfc2bbda4a06702bf06fe162903fe101d0303fe9d47f9ed5cffc4cf851f0d34ef873e23bcb3f046856f716fa65c4b148b6c01471192a41fae2bd7ab90f8d4c57e12f8ad8638d26e3ff004034014bf67d70df04bc1a718ff894c00fe0b5de66b83fd9f9557e09f83f69247f64c279f75cd77628245a28a281851499a334805a28a0903a9a1082932338279ed4d0eac32a7835e71f193e29e95e02d3de18365febd3479b6b20df747f7e439e1475c75345ec3475be32f16681e10d1df57f10ea50d95b01f2963f3487fbaa3a93f4af9b7e20fed0fe23d544d69e10b58f47b62c40bd986f9d973c10bf75722bca7c67e24d63c59ac7f6c7886f3edd77d23c2ec48463eea28e83f5ac19ae30c4b64e0faf5a8e6149d8d7d675dd635a98cbad6ad7fa8c9bb76e9e562aa7d401c0acb919153720c7a8c5422e731a962769e302a0694e40ebcf6a2f726ec24923954e5be607b0aa92c8626ddb9f8e9e9534c70a40c0627a138a81fe619da38f7a18d318b7a5a22926197bee5c8ae97c1de38f107866495b47d62e6d23980dd146f856c67a81d3d2b932a4b63eee79fc2a2dbb65277718e28451f51f81bf68ed414c50788348b492cc28026b6721d074c153d4f7cfbd7d0be0af1568fe2bd2d751d26f2299587cd1ef1bd31fde5ea2bf36eca428db95983e3839ae93c37e21d5b43d47fb434bbe9acae8907cc898aeec7ae0d5732423f47d5863ad3bbd7877c0cf8e16be2b923d0bc46b1d96ac5711cdc2c53fb75fbddebdbd59471d8534ee521f45145300a3145273400b451450015c87c644327c29f152038ce9371ffa2cd75c6b94f8c2db7e15f8a581c7fc4a6e3ff459a00cef800c5fe09f83b9cffc4a60ff00d06bbac5709fb3de3fe149f83b9271a4c3dffd9aef282428345140098a4a5268a000504e33477158be36f1058f85bc33a86bfa8b15b6b281a5603ab103851ee4e2a5e834717f1d3e275b781745369a734571e22bb5c59db139112ffcf5703a28f7ea6be3ad6afee352d52e750bfbb92eef2ea4f3279e539691b3cfd3e9daa1f13f8a2fb5ef12ea1ac5e4acd35ecccee49c90a780bf4031c7ad66cd70553712771e9df150f51934f36ec7ce49eb8f4aacf2012932676838e3eb54e5b8dcc4c64e1877eb4aec59402781dfd3d690992c8ca4160e3e6e833514921c9643d476a64800c1ddd393f2f7a8379031bb354892da6190ee241c8c6e34d92466558ced18f4aadb8bf180c73904d3518ff126323a75a18d0e90961c1f987f2aacfdf39cd5fb7b49ae0855c0507b569cfa0dcadbbb842405ce42d66ea245c62dec73b6e373e4820fafa56bdbb7c9b64f9805c823b55316f221008c63a8356e34232a081c64e4d5a7725ab1a1a7b3ef49a295d1810ca50e0e47706beccfd9abc7b378b7c2274ed4242faa6940248d9cf9d19fbad5f16d939864f24e632c3804f7f6af49fd9cbc59fd83f1574b8a4de53509fec7280491f30e3f5154894f53ee241c014f1d298a7bf5a7e6aca0cd2d369d408281d693345050ac3a1ae43e33296f851e2a03aff64dc76cff0001aebb9ae4be327fc92af1563aff0064dc76ff0060d0051fd9f483f04fc1c467074987affbb5dd5707fb3d956f825e0e033c6950f51fecd77b8a09128a5229280108a052d18a000d786fed99ac4da7fc33b4d3e078d4ea57eb0c81864945467e3d3902bdc4d7cddfb743b2e87e155d84a35ecc777a1118fe99a996c347ca2594484920739240e2a47265dc509200ea2a9cfb8938e0eee9419654c26f2029dd803bd4156262d12000e41c77eb4cf3c6405cf278ef9a974cd3352d66efecf616b2dcc8c392a3e55ef927a0af4bf0c7c2492558a4d66ea38c367747064b638e33dab29d6843766b0a139ec8f32133a42e8aabb5b190cbf30c7bf6a889da464e3bf35f4adc7c23f06dcd8c517d96e709d36cf82a7ea29742f851e1bb09d1d6c7ccc67324f21763d3b9fa564f174fa1b2c0d5ea8f06d0fc39ab6b0b9b3b29a552d8dcabfad763a67c28d6642bf6a8fc80dc020827a679c0afa1b4ed2ecac60f26d2da2853d1462ad476c801c81f95734b15396c75d3cbe2b73c974af879059c2897015d54823098c5335ad1162b592320e31f281e95eb9710a05e071dc62b96f12db79903845078e302b09c9def73abd84145a48f9e357b05f35bcbcf1935cc4f76079b1b7f7702bbbf1069f7967773b00cd13fca8517273ef5e77a8c4cb712ab0c329c608c57a546a29ad0f16b52717a8af76659439183818c7ad68f87b57b8d235fd3f59b6ff8f8b1ba8e7520775233fa563282188c7ff5aaed842d73736f6c87e79a6489491c65982ff5ae9b6a8e7b1fa71a45e2ea1a5da5fa2954b98526507b0600ff005ab60d50d06cc69da258d829c8b6b78e2ce31f7540abc3a56803a9734dcd2d02171480f3d0d2e781406c8c839a0a035c8fc65c37c29f1502383a4dc77ff60d75c7a5723f18f1ff000aabc539ff00a04dc7fe80680297c01247c14f0782493fd9309cff00c06bbbcd705fb3f7fc913f070c37fc8260ec7fbb5de5020cd14a6928105145140086bc7ff6b7f0e7f6e7c24b8bd43fbfd1a65be4017716500ab0f6e1b39f6af6035cff00c45d1a5f10f81b5cd0a06092dfd84d6f1b37dd0cca40cfe3498d1f9c32200e36e5b9e38e7f1ae8fc3de136d45d65bb0eb1923853d89ac3803aceb1ca855e33b1d49e8c0e08af73f0ce9b0c1636f2153929bb19ae1c4d4708e875e1a97b4913f8774bb7d3ac61b6b58843101903183f8fad7536084000f619aab6b0a95002e79ee7a56dd9da860bb881edd2bc86db7767bd4e118ad0bd6aebe5e0e00356e101ba1fce92dac43229ee7b7a55c8ecd9491b4f4ab5265be5183ef640180714331e72703f3ab46dfe5248e71491da93ce463d2aacf725345099be538383f4eb58b7e84f271927d2bac3640838cf61923a563df4502cacac572a395ce587be0529c64d6c0a51bd8e326b68cbbb889467ef1c0e6b8cf15784edb5247736f19241ce40079ef5e86ff65964754953703d37f7aa33c1b58ef518278f4353094a0ee8caad384e3667cc1ad69373a5ea525a4caf853f2b118dc2ba6f829a4a6b3f16fc2ba74a3f752ea71bbe46411182f8ff00c747e75d67c69d2e31a7c1a8471057128462a3d41c135b3fb18e96979f1666bd92dc3ad8e9f23063cf96cc4007eb8cd7b5869b9c4f06bd3f672b1f690e7b62940e2917a67d69c3a574dcc44c52d14531580f4a6448c80053f2fbd3e81d6818a7a571df1a4e3e12f8ace01ff8954fd7fdc35d9571ff001994b7c28f1580013fd9571d7fdc34014bf67de3e09783b1ff0040887ff41aeeeb84fd9f083f04bc1bc1ff0090443ffa0d77740828a28a0414514503b08698f924631f9d3dfa715e37f1c2fa63e29d37487d46e6d619ad9a481a16c14941386fafa56556a2847999a52a52a92e547cc3f1c7468741f8bbe21d2a181a08cdfacf0e7fb92ed72c3db7161f9d7addaac5169f0bc9b624110dc7b2802b96f8ee35bd674ad02f756682fa6d26e44325f2c589a689f001703b820576da869f15c5ac56f3460a08d7e4c9c9181d6b86bce338dd1df87a52a72699cf5c6b9757885741b691e2dd833b47c1c7a552b9f14789f4ec8b6d3ae9b3905a5b72c8bc8e6acf8975987c3d6d1dbc0c968adf2ee08491c70100ea4d41e22b9f15e97e14b1d62e34d58fedf230b5b5d427c4d246a32647c7ca99ecbd4d73d25d91bd5938adc669df127c536d7023ba86368db19668318fd6bbcd17c7334d179d70aa4647caaa335c1785b4dd53c51a35ddd1d1e2b7bcb3852e1d6d2e4379b13924328e41fa707f2abda3d94b1471ba959a12701c0c1f70475047bd3ab78ee828c9cbadcf62b6d4e2b9804ca30a40c29158fadebed6b14821daa79c1a87402b25b29246471591e288c48ae154b71f9d73fb46cee70d2e79ef8c7c45e34bf95ede0d58d9d86712305c1c7fb26aa68edacc091be8e97314dff2d2796e0bb49fef03c1fa5765a1f82afb5cd761b5259218f32cd30195853190a07763d3dabceda49e3f15dcd85c6af7a5e19018f4d6b670930321531ef1ce40c1cf735db09b92b1e6558b4ef73acb1b2bed439bbbf86d6ece58c91b720e3d2b5ad2df58b4b8921b9bcb7bfb627e528a432d27c44f87b26877505d687ab19ed9d518d95e7fad8432f3b241d40f435aba1d95c7d9cb4c84328e7775ac6a68ecce8a11e65a1ca7c52b2fb4f832fb09b9a131ca7b602b73fa13563f66ebd8bc21e08d475ad2e39ef7c47ae4c2186268710c11a1e199b8c8c64e2b7fc4ba70bcd1350b162333db3a0c8cf254e3150fc248e297c1fa0e9eccb0178773f38240c64735a52adece2ec67530aaa554a5b1eadf0dfc71a9ea5e223e1fd6e44b8b96b53711cd143e5a70402bee79fd2bd3335e11a013a7fc4ad1a68c90b24cd071ce55877af764fa63dabb30d55d487bc726368468d4b4761d45145759c41451834b4009935c87c69ff924be2ce40ff894dc75ff0070d7607a571ff19bfe493f8afe52dff129b8e3fe0068029fecf831f047c1dc9ff904c279ff0076bbbae13f67cc1f823e0ec73ff12987b63f86bbca09128a28a0614514868181af19f8d516ef1e6852cb1831089955c8efc9c57b2915c47c5ed345ce8315f2afcf67287cff00b3deb97170e6a4d1d582a9eceb291e09e3abbb7ba5934e4123899933dc0c106bac8009240401d30306b9078a35d6ae609572e2232427f0041aec74593ce0ac70370cf5af1e1a46c7b724b9fd4ada968a923a4ab1a1994ee47c0254e3dea6f11c96de2bf0ec7e1ff156991dd5bc78f2e446db22907af39aea6de0564407047bd24da55bc9cb42a7f1a74e728ec1529425b9ccf8222d37c17a2cfa5f866c04266e6599fe79180fba3f0a8e4b47def3b2e5a519906dc64fa8f7f5aeb069f122fc91aa0fa5656ae8b1aeddbfad3a955c9598e9d2847e123f0fc7884855c73e94ef23cdb97c8190ddea4d146d889ede94e0eb15d92c783589bb571c9693c2de759cf34127de6d92639aaf7515d0d4ff00b47cb8fed58ff5c6205b3eb9ec7deba9b048ee21057683ed537d8b69e4061ea6ba536d1cef92faa38d8f4a96ee5f36f19e46c824b9c927357a4b6f25188007ae2ba2921500918e3b0aa37689b4922a26ae541a5b238cd6d4451920138c11f5e7fc6b26c74a16de1cd2f534216556718cf6dde95a3e2f9161b4999485380064679269f1412ddc16b6c89b6cacd544afd4c8d8ce00ed4af688a2af54ebbe1bda0bcf155bdcca9916d6a5f95e8c781fa66bd757eed713f0bb4f31d84fa948bcdcbed8c81d116bb7af5b0b0e5a763c5c7d4e7acedd34014514eaeb38c28a17a503a9a00075ae3be3436cf84de2b7f4d26e0ffe386bb1ae3fe347fc928f15fcdb7fe25371cffc00d0051fd9eb3ff0a4bc1d924e7498bf9577d5c1fecfcca7e09f83be607fe2530ffe835dd9a090cd069314a281894529a4c50310d57d42de3bbb396da650d1c8855811ed5669afd47ebf4a9924d598d369dd1f386bfa1fd9b53b9d22f1545c43b85bcd9c6dc8e39ee2ab68134d037d96e0e248d88257ee9e7a835ea5f167c3b3dd791acda42cef129499506491d8e3bd7965cfeea64392ac5b9078c7b1af12a527466e2cf7a9555560a4773652e6243ed5a09282a3d715cd69b763ca5c8c71dab5239836319e9eb593d0eab5cd1b89018f818ae475cf3ae263e4ae5507240e2b7a6998c0403c81815c86b1ad6a9a640d0d869705ec8c7e65966f2b8f63ce6a5ea528d8eb740b291ad1495662171d2a96bb6b32ca154632719f7aafa078b0c562a97c91da381b8a06dc179f5a66b3e24176fe669ef6cf27fd34e41fc2ab934173eb6373c2d2cd11105c02ae3a123835d33c8a5402c0f15c0786352d46fa7335fc712153806352037e75d4bdced007538ad534919b836cb17120191902b1f52b81e511bb902a4b99c16c83d7deb07529dcb940073d4e6a5caeca51e5dcc3d7634bd9523932e9bc3707a91daba5b1826befb2d94600f39c2a8031f527f0a4f01f8722f10dfdf24b33c3f6744689d0670c49ff000af4af0ef83ed74bb94bb9276ba9e3fb8586029f5c56f0c3ce76ec724f170a6e49ee743616f1dada456f12058e350aa076153d20e06296bd58ab23c26eeee14b4669315603a8a4c8a5c50025725f193fe49478ab827fe25371d3fdc35d75721f1971ff000aa3c563fea1371db3fc0680337f676c9f823e0e3c7fc82a2e99f4af41ae07f67818f821e0effb0545fcabbea0560a28a281d82928a5a00434d34e349400c239e82b88f8bda5472782eee6b6b68d658a4494944192030cfe95dc9aa5addb0bdd26eed08244b0ba71d7906b2ab0528b2e9c9c64b53c034f98f948d9eabfad5f86ec9c03e9583a7b3c41eda6cac90332383c631534728129e4d78538eb63e86955d0e8a5bf8e18373c8060679ae4bc43ac1bab79174f0249d53747c6413e829dad4896d6a66943c8bfdd009ac88358912dc1b6d26e06e4ddbbcb3c0a5186a13aadfba87e8f657f6d7101bb8cb472b6e99a4e4283ce2a66d1ef2e167bc85047e53936c070187a52d878a1da0673677784cee46b662491e9eb524dacea37b1ee874dbcd8cbf22794576d6ea20a8bb1b363addcd8451a5d5bb93b00240e86b52d3c456d74c10968dba007bd71705ef89363c634c91e2c124ccc0718f7a9bc3b15dcb0f997b626d9c31e37678a994439e51763b29eec9e323f1159d712ee0c4f6cf3513c8235c127f139aa179741617604f43daa631d6c8d2735d4f55f81d09fecbd42ecedc49701063d941feb5e8e05731f0c34c6d33c17611c8a566993cf94118c3372457535ed518da091f37565cd36c6d141eb45686614b9a4a2a8014e474c52e4d006283d280026b92f8c233f0b7c55ff00609b8ffd00d7595c97c64257e14f8a88cffc826e3a7fb868033ff67aff009221e0dc3038d2e2fe55dfd701fb3d71f04bc1c366dff89544791ed5df5002d14dc9df8c718a534085a2933ed466818521a0d140808a63f009ee39a793587e34d761f0fe8371a84a7e651b221dd9cf4a16a0dd91e2bf1661b0d2fc7f70967768f24f109ee6dfbc24f1fad73f6d30f3c377f7af3ff03eb577e24f16f8a357beb979a4999554bf24283c015d6c3218e55df9033debc9c4412aacf5f0b51fb34ceb76c722fce01fe5549de4b52648d4c8179d9fdea5b56f360ca135225b79a177124e3deb9652e5677c15d5d22e5b78b2ce2b406685e0762461d32c39e831914d6f16db5cc256d8a17618fba41a88e90ec37aecce78e3a7e74e8340e84ec047703ad5aa9a0dd6927b152169ee9b324bc7a1e6b42491234daa074e4d0f65f6552a84124726a94df226598d6729b6ca76b5d95ae67cf3ef59d34865578d4120119c7d696695a5944718cb1fd29e21112b063db2e738cfb56f056926ce39cdcef63ea3d3ff00e3c6dc9ebe52ff002156735c17c1ff00168f11f86a149a40d730a0c1fefc79c2b7e9cd776bd2bd9945c34678574f6168a297148625140e4f422815403a90f4a5a434084ae47e3280df0a7c540ffd026e3ff4035d75723f1971ff000aa3c55bba7f64dc7fe8068194bf67be7e08f83ce5bfe4151751ed5de66b82fd9e940f823e0ec671fd950f53fecd77940851d68a4a33408522928a0d2b8c28a4cd616b7e2cd0f48729757c8d2004948c6f61f5c74a6949e8912da5b9b32ca91ab3c8c111464b1e83eb5e09f16fc4cdaf6a0f15b3bad8daa944f47604ee7c7e95d1f8cfc6c759b1167a7c72dbda4bcc8cfc3b8fa7615e73ad2992070b81942303a62bd4c160dc939491c38ac4a4ac8f2af8401adaf75b80b01fbe5e0f5c7515e8ed1a32ed9064d717e1cb7fecdf165f4516512ee25720742c3ad770899407b673f4af98cc62e9e21a3e8f2e9aa9874c4b6b896cca095be438c1ad6b5d430ca7207a5654c4347b19323dea9bdb4c809b69802070ae6b895a5b9d7794344766ba9053c1078e79a7c7a9ab0273cd79fdfdeeaf6b0867b27907fb1ce6a8586b1addd6447612a019fbdc7ad5a481d66fa1dfdf6a6a32770cfd6b16e6fa4b9630c60b6efe207a5675b59ea17015ef9c21ecab5b1636aa9840060f5354a2814e726496168228c907737f1356778ae75b4f0f6a570700476927e6548adf0b88f19c0c571bf132e163f0e4f6c1817bb220507a1dc6a6379b515d59734a9d36747f05353b9d1347d16ee362592d91651fde53d457d2fa45fc1a969f15e5b36f8e41c1f4f635f2cf81e2316996c8370db101f4af51f08f8927d0a29156092e617c6e883608f75ed9f5afb7c660dce119477b1f1987c45a7257d0f61eb4b9ae73c39e32d075c012d6ed63b8e736f290b20fc3bd740a73dc1fa578d284a1a347a319c65b0f3c8e69293029690c75145140098ae47e32ae7e14f8a87fd426e3ff004035d75725f19bfe494f8abd3fb26e33ff007c1a0650fd9fbfe489f83bfec130ff00e835ddd705fb3d861f047c1dbc9cff006545dbdb8aef681051914d660abb8b003deb95f10f8db49d31248a0717972067621f947d5a9c63293b44529463b9d5b9001c90075ce7a0ae5f5ff1ae95a66e8a2637932e41119f941f73fe15e6de21f18eabab878de709074f2a2c85fc4f7ae7a56666dd23955c1e7d38af4e865adeb50e2ab8d51d22753ae78d356d5e5683cf5b5b5cf22238c7d4f5ae41f76a7762796329610c81bcb61f35cc833824f5c0a6bbf98c624f94119719edc7ea6ad13b8807a28181e82bd1a7429d3d1238e75e53ea12bbb313f4f6aa77c84c4dc0008c7156c853d2a1b95217900e2ba62b4d0e69ea705e2188595e595f827027f29b03a06eff009d75960e92463b8f4158de2db6377a15cc4a0ef61b971d8af3fcc0a6786f50692ca066247cbb5bea00cd7c8e7f46d554bb9f4d90554e9f2b3a37809048efd2a1b68991b63739e981c8ab714aaca0f6f5a5017b67f1af9e5a1f4bca9925b3fd9e4566000cf7ab3abcb6a16248110bb0e4d57922668769279a86d34d6590bb3927de9a90b90779600c0f4e7eb525a4447cd8fd6a7316d18278ea69c0aa2139fa55b968350eac8ee195636f61c579d788ddb56f188b28cfeeb4e8c3c99190647e83f01fcebb4d52f5218669a46023442cdce380326b8ef0996b9b79753940f3afe6333718c2f0147e02bd2c9a87b7c4abec8f1f3ac47b1a0edd4ee3c3b12c5022e3042815baac540c2e7be6b1f46caa28078ad9272a3d6beea7d8f8ea5b14755b186e0fda215d9329c903b9f5cd6b7867c73aee90c2da69cddc2b80629bae3d9bfc6a93ae783d2b3eff00cb3288c90b263e43fdef6ac9d18545cb345b94a0ef167b6787bc69a46aa8aaf2fd8ee0ff00cb2948e7b707bd74c181e9cfa7bd7cd8aec100e382319edcd745e1ff00186ada4948a39cc908e3ca93918f5cd7995f2b6b5a675d2cc2fa4cf72cd29ae3fc3fe3bd3351444ba3f6299b801cfc84fd7b57590c8b22074916443c820839fcabcba94e54dda48f42138cfe163f35c87c6727fe15378afaff00c826e3a7fb86bafc835c9fc64c7fc2a9f15640c7f64dc75ff70d41a18df02ef2d2c3e05f83e6bab948917498725cf5f97b559d63e22d8c28574c81ae1c74790ed5ff001af18f046a13ff00c2adf0ac534acde5e991a0539e00dc3a7f5a74f79bc601c9f4af5b0d9773ae691e76231becf43a9d6fc5babeafb96e2f192204e628c6d503fad73ad70a1000ca07a0154c4aec0e4e07ff005e90142002bcfad7af470d0a5b1e554c4ca65949f392a73ee6a2bab8cc8727a0e48a81a4448db39181d3d68b15f3a50f267ca04649fa702b59ae5d4ce1372958d0b58d90b79a46e7f9891ebd854b203bba10475a86e2e2ded22fb55ddcc56b121f9a494e07ff005eb8ed77e22c30cad6de1fd39efa5030b7570a4440f3c85cee615836ee752b2576cef155ca8214e091c0a2ea32223210ab8cf0ec067f0af0cd6f54f887aa46c26d7ef22461c436aa2145e3a0c738ae6a3b4f1245abc52cd737ccc93296669d9b70dc3ae6a2a55a917f097085392f88f78bc39b7dae8541ce4567683a6aac925bc608dd92bf5ad9ba22705ff8bbd416332dbdcab28e770c578fc454ef4948f4f216a359c6e25ac92c32b5acc3e64ef5a0cdd2a7d4e3173711ceb1a87fe2ab434ff31030ebb6be25ee7d9c62ec558ae48cab0cd4e2f5150fca3355e4b59933b91b00e29a96d293f2a37e239aa8bb1569226f38c87238aad73336304e6b460b22b192fbb18e062a18acc79865b8ca20ec6b4e6562669b5a9c5f8cbcebab48f4d4e0dc3a8723fba3ad5bd3220005c700701474a66b1325debd20b78cbf940200a3be2aaf882faf748f0edc5ce9d124ba965638519430424fde20919c7a57d86418674e9caa347c767988552a2a69e8779a744445d08271f855d07193ef5f361f881f142c64666d7ef401fc2f12ec19ce78c7bfe95b9e1ef8d5e2285963d6b4ab7d4a327e77893ca9464f6e71f9d7a6f191e6b491e7428351d19eeee4119fceb375eb6966b07780013c637c5c7f10edf8d63f86fc7be18f1032476d7cb6974dc7d9aeb08ff81e86ba770c0e7d7a1078aeb8ca2f54613575639dd1b534bfb659361055b6c887f848eb5a04878fe56dbffeaae5f5f85fc3fe268afa04c586a2db6503a45367ff0066ebf856b433ee9490d9555ae86bac4e253b7bb23455a451f7cfe35b1a1788f54d21d1ad6ee448cb7299ca37e15ce0b9e395e0f352070c37038fff005d675282a8b9648b85670f84f59d0be255acaaa9ab5b3c52671be1f997b724751577e2bdfdadefc1ff00155c58dd453a9d26e3e647071f21f4e95e37bc2a83c86fe755bc45753c3e09f1045048504da65c2ba8380c361af2311964526e2ec7a7431cdbb48c7f05b8ff008579e1c5c938d3d3af6e4f4abf1f1dce7b66a87834ff00c5bef0eb004ffc4bd3a8f735719b0c1ba835eae17f8313cdc63fdeb2ce40524f6ff1a891f7459c6090691dce703b9e946e58d195b04006bab94e5722bcbbe490c7c85e4b7d38a7dddcddc106db641bbaa961d2a7d3e31e53cb20c339cf27381570c6ace32aa47bd67a37a96a2f9747a9c55ce9f7da9c9e65dcd2cee738573c0fa0e956ac74082397cc9937118fa1aea1e221c6c518e7b74a1106718e94e7cb7d088c25f6999579696e9102a8000067a57217f121bac8527073d3a735e81770075c715cd6a5a63890381804f3c527ab071b6a745692477168b2c6e1be503a8eb59f773ac3751abb6379c018e33c5655a4b7162fbd036d1d57d6b72de08353224272a8036d3d54d7262f0b1c441c247760b192a13538f43b9b08ade7b3594e093c904719ab71aaf2176e31e95cd5a5d496449519551f3293d456d5bdc47346b346f946c707a8afcff1d97cf0951c5edd0fd132ecc218ba575b97a60a51b72a9f4e2abbc436f0a07e153363616206055569d41201c9ec2bce69ec7a1b22468d563f9c80546493585a8cc1c9db8dbeb9a9750bff00325f22271e5467e76f53e959f7322f90ecaa780702bea324cae353f7d576e87cd67599ca9af6549ebd4c7f0288edf5cb8bf94a990453cc0e32338da33f9d666a654a84232e497739ee69cd70b6c36843e6b0c0507900f526abbb125b9393c9c57da50a2d4b999f0989c45d72a33a4b08642728b8239c806a24f0e5acd92b1283903a62b66084bb1e0f20638ad4b4b621b271d6ba67083e872539d45a2671d3785557e644071ce3f1ab7a56a3ace8ce90c5772f900fcd14bf329e3d4f4aed842bd0a83cd4379a75bdc4603c6a38e4fe15cdcb13adfb4b6e17f7569abe92f697e044b32e55c0385707208f4aa1622686ce2f358ee030c47f15497b6be5db100e7047e59a962553641739c0eb5ac60a3121ce53767b8e12a95cfaf6a9626263dd90306aaece41ce075fad48f2151b3039e95562798b4b29620e78154bc552ff00c51bae02a581d3e61c7fbb52072005fcea9f895c1f096b2bc64d84b807bfcb58578fb8ce9a32f790cf0691ff000af7c38b9623fb390e07d5aa5b87d9048c5880ab9cd45e0d21fe1fe80a0862b6083f0e69babb81a6cd820617ad6785d68c478c7fbd6692856d92eef976839fc2a32ad3308c1041e4fd29f19f32da12bc831ae78f6a542a819d860b70315d3b6872f4bb2780008547dd02adc7f7978ef542db1b40e793579492703d78ace5b9bc35439ce1b91de9ae02b64e6a4e4b74e3148c9938cd229a187e600f419a8e68432f2011ff00d7a9482303ad3cae53a90681dae8cbbab18d946071f4ac89e1bbd32e16f2d9895cfccb9e08f715d332b6d03350b26721b69523a629dd2dc871b126957d06a767e74582cb80ebfddabd6531b79d51f1e5c878f406b94b8b1bab2b8177a68224041d80e037d477adad3b50b4d5aca443be2900c4b1b1e51bdbdabcfcc7051c55271ea7a3976612c354523abb9d4ed12c02861b9b8c119c9f4ac5b8d4614b6926326c741b555ba927b0ac4d3a3bb59c581d8f71b8ed2edf295cfa7ad32dad9a6d6de662ad1dae634da4e1e4e72707d2be1a9606556b2a3d7a9f6f57318c28fb45f2342da2dabc966e7271c96359faeea896d9b7b67492e7f88f509ffd7a8359d67c812da58b86b8ce249b3c267b0f7ac6b4b59272caa5d875dc4f53debf46c2e1553825d11f9d6371ae537d5b23b08d9e52cf96663cb1ea7eb5b369a796393d07ad58d3ac521400f24735a3126d00e6bae5517438e9d16f5910436813180318ab0b1e380b81c549b4e71934f1f2820fe758b91d51a696c4655b8e3233e94a578ce3f0a950f4cf3dfad3b2368a45d8cdbf8f7424a8c7e3ef50db8c4383803e95a13f0a4638aa6cb81c75ab5aa319c6cf42b6729b7fba48c9a8c36e9cf4c2f39c71c524c4a3be7eeb7205578242d6b3e7195422b44bdd39a72e5761f0c8cea65dc7e73c0f6a8fc45211e13d58efc62ca5cf207f0fbd3ad1835bc231b7e51c545e2707fe111d60a647fa0cbd07fb359d75ee336c3caf3441e03b91ff00085e8119017162a33f89ab7ace0e9f7076e018cf6f4158be0e90a7847475386ff43465fa735bb764cb6320da39439fcab2c32b5187a15899deacae58b3990e976d2e47cd0af3e950899a76f94fca2a859333e8764a3a98c0c7e27fc2b42ca3548f038f5ae8495aece5949bd117ad780a0f38ad041f38aa368b85e4f157a3e1f19ef5835a9db4f4561c1b69e9ed4a4e5b34d39dc307de901c4941a123a8c83c7149d471eb8a0927bf7a563c038ef4806b282b9cf4e698d1743520c6de46691828032714311094fef63b738aa573600badc5bbf953283cf63ec6b48f239a8a5992081a563c2aeee94db7d04d230bc4efa8dc5bdb47a7284d55a65891d9b6ec4cfccdf4039a4bfbd10dafd86c272db3e57980f99fae4fe35b5a3e9b61ae47a74f772ea11b6b178f69035a32e2255e49707b138e9dab2134c7b18e4866915e75b831961c821588fe95cd42850fac4a496a695b118878754efee9534fd35982e5481e847eb5b76b6d1c2b9441d3934f8812b9c743d8d4e80e42e381d457a129dd58e2a749458e857a83e9520036e3d29b1632477a7f1ce5bb562750a0618d39f07803041ebf9534905b839e2863f51cd0317d0d35f23183d2978e739fce90f414086be181cfad5672a0f22a67386eb552638241e7e94e2448ceb92649641cfca38fa557db8b6b9014ff00ab26a4bb668aeb3b46d618a2e5585acd22b614c679ae85f0e8714b591159bee86163d428151f8a5f6f84f56c1049b39339381d29ba5487ec71b36318fcaabf8ae42de17d510727ec921e1b1daa2b6b07e86b87769a29e88cd0f84fc3ac7383a6228ed9209153cfa908cbc008dc50f06a86853349e04d11907305aaa8c81df27b550d49d846272a0f3b5883d01acb08af8787a158b5fed3348def0ccfe6e876619ff78a5d5bdbe638ae92d509507ad79f784eebfd36eec59824b0ca1b1ea87b8aef6c2f12767894ff00a9009f7143a89ad098d369dcd1870139fcaa62c7cce00aa30ceb26421cd5be7764f14ae6f17d89b702e38e40a06376474a6390181fa8a6eedcc31c7ad057312b1c3fb53dd86d18faf3511c86183c53dcf0338a561a62e3208e3229aec380474f7a76ee0e4123b5210bf2f38e3d282871db8fb871589e2a97fe25a2dc1c34adb3fcfe15ab3c9b223c678ed583a983737b6ca413b636603b76aa8c6fa99d4959345ff06ea3abe971dc47677462b777de23740c2362369742795247071d694c263780be0a8939e7ae41ebf9d4d631e1063a0146bbbd3489a445c98d91b3f8f34384633738f5262e4e9a4fa1398b6f00714e8c9ddd7f0a87cfddc8241a95080dd3f1aae809ea394f53de82c73838e7bd226719e3a5231391c641ea7d2a558d07a392c73da9eff708e39c735083b58827b53b78dbc74a2c3b8f27e5148cfce3d298db49e69848193d00a561363679406233dfd2a9b4831c1e6a59df249cf7e2ab6eea4fa7a56aa26129156fc79b1ba024b75159b2bcd0db4aace4c5b7a517d76c357da8d8017d693579562d22ea618da9196e7a5691d16a73548f33ba23d3e606cd5411ff00d6a8b5c91a4d1f56429c2d8480fae76d63786afbedb6e5631b9507ced9e14f503eb5775e658bc31a8b12cd23dbc859b38ea318a55249d376ec3a49aab14fb91f820f99e1ab3b620e25b4465cfb022a0bc81551e36008e411eb52f8740b7f0f787dc0033668a7078efd6aeea9022dc6ed80ab019c5658357a315e4698c6d569b388925934ad462d5943c8f6aaa9347d7cc88e707f0ae93c1fa8192f355bb59cbc332c62063e98c915475ab5063575077804364f04135ca69da87fc2377ce5ccd25b4806235c631dcd70e2b9a85452fb277e15aaf4f97a9edba6483c9c839233fd2b5a3258e7dab97f0f5fdaea3a74575632ee85d73b49f994fa1ae82ddf8c66ba2125357461cae0da9171c8ce09ce0d1bbe7e00e4557058c9d7ae33528e48f5c558b725dd92013f953f8238351630739c53c9c630334ca4499f9541edcd3989e314d6dbb413907d698e7182b86c0c9e2a1a6cb286a92b2911838ce338aa4a18eb36e30c41b66edf4a599cdc5db37f0a7af7a9142b6b76c3767fd1d80c1fa56eb4472b7cd26695a602b367183d3f1a5d694c9a35d2e47cc9de9b6e00dd934ebc225b0b843ff3cdb9fc2a1ee6c9fbaccbb0b890c3189147dd1c8e87815a51be79e3a751589a2b892c235249da48c9ad18dcc7193d856b248e7a72d0ba24f7e00c519ee3907d6ab46fb8641e4d3f71e99a8b1af3937218e07e74b9fe1c60e78f6a815d77104f34e69001c9ea690f987961c8279e9514efc11edd7f0a8e57e093fa55696552807bd545132a81732118603fce6b3e5bb2aa724e7d79a92ea750769209ed5997d3048f2cd8cf2066b5b1cd293327c45766de686ef20139539edc75ae32e7c4da8cfa3dd599224376e228829e4f3926b5fc557092e9b756f2c9e5a952cac7a86033fad731a05b896fed719d912fcbed9eb5e7e22a49d454e2f73d1c2d187b37524b63bdf06d8c763a5c56e4723e794ff7dfd699e3cbaf2f40b9500fcc9b063deafd8855b7070405ae63c6d2bcf6620461cee761e800ae9abfbac3348e38375b128ded0d43784b48504e0d9ab0e7d335a130fb45824e382063afa552d1418bc27a03956e6c909c8f5cd5cb7da8f2db1fb872ca3d38a784b7b084bc858dd6bce251b8513db60b0241ae2bc4b6624b52060b46c0a91e9839aee672bb4ae39e722b9abf07cd6030063a5562a9aab0699382ace94d321f83b73247797d0ee3e5346ac319fbd9ff000af54b0ba2d2952471eb5e57f0f5560d7b5080820796248bf038c7eb5e8b65bbcc24f5af2b09174a1cbe67ab8c97354e6ee8e8558330e71c5480856e3b8aa503b64f4073529906f014e466bbd6a71b762d6ec90339238a918ed00035544b87cff5a269f9561c63f5aa05245b2ff2f079fa7b556d4262911c63247ad244ee79c63d78aa7acc8a42c6bf78f5a211bb0a93f77421b739400f538a993fe43366d924889c01fe34db65fdd0fc3bd307fc86ec157eeed7cfe55a4fb1845e9766a4670cde80d499db04c3a82a73f95416c279ee6482d6cae6ee44e59608da42a3d4e3a5124b1986e72594a26195c10c0e3a60f4ac54973729bf36864692c891bafa39abd23816cc79c566dac7b1a51ee08abe4836ca3037b3803f3aea672c1f42c40368c11c8029c4fcd9a48b01005eb8e6937303818cd64cd50f5e189f6a490e7e6cff009e285cf71ce2a26381d73cd340f41b239d8076ff00f5d53b8600000fbe6ac4ed9039c566de49f2f2dc0ad12b194d95750700eec658838e6b1ae6462a3391c7a55bba9327a66b3e7f9bb1a2e447539bf1ada9b8d2564c8f91f39a8bc28a32ab83941cd5ff001440d2e98a9182424c246c9ec3ad43e0a459bcc751f2c921da7d81af35c7fda5367ab06de15d99d73332daa42aa4bbff002ac7ba81667d5811b85be9b29c9e70715d090155a462015eb91597a5a337863c497c41065b599578ec057762237a4e27060ddeb2916ac81ff842f4060a411a7c6300839e4d4ec721640718ff000af2fb0f17f88a2d0ed2c1352616d146a889e527caa01206719a645e33f130853fe268dd7bc49eff00ecd7061b18a3422adb1d98cc0b95794ae7a56a8300c8bd4f1fad7377c4120f19cd73ade2ff00113c6776a44e4f39893d4ffb354975dd5678c79b77bbbffab51dbe95d0f17ccb6308e11c7a9d7f83b69f105e0dbf31806dc7d457a25a280c093c9f7f6af13d1358d46d351fb45bdc9494aed2db41e38f515d3cde2bd7e31384d40a80011fba4e3007b7bd72c26b96e774e836f73d38ca198124673eb4be6fef4f22bcd7fe129d7846aff6ff009991989f293aeec7a7b54b71e29d75253b6f57ee13cc119e70c7fbbec2ad57b6963174353d24c982327041e723a538b6e2b9ec0fb57112788b5863231bb19540462141cf4f4abd73adea6935b15b9037ae5bf749cfcebedee6b65534b993a76676499c719e9ebed542725ae4124115cf43e24d64d94ae6ed772b90a7c94e381fecd40fafeaa6d6373729b894c9f253b84cf6a70abadc75285e373b18ff00d571db18aabd352b190e70a594fbe45725ff000936b5f6c107dad3cbda3e5f223fee93fddf5ab16bad6a4f6e37dc06f2f2cb9897821411daaa556e44695cf50f0dea166ba16a5a35c6abfd893cd76b722fc332aba0c0f2f2bc8c609f7cd51f185dd96a7ad6a7a9e9e77412c2abe638d86628b83263b66b86bdf10eae35158bed436320dcbe5260f27daa2d53c4dadc56170d1de283b40ff5119e307fd9ae454f96a7b4b9d6e6ea4391ad8dc24a4f12b12bbe153f5e2a732736eb807e6e6b87bcf116b0f0e9eed760b3e031f29327e55f6f7357d35bd506aef08b901150b01e5af5e3dbdcd76aad7471fb069ee7671b642fcde9c501867939c13c03d2b87b2f136b64caa6f060118fdca7a81fdda960f12eb5e513f6c192c07fa94f5fa7b542aa99afb0b753b42fc024f35138246475ae2757f14ebb024822bd55c2a91fb88cf693fd9f61f9554bcf16f88049262fc0da78c411f1f29ff67d85275d276b09d06fa9dadcc9f26d04e4f00565ddbe10ee233dab98d5bc55af46bf25f05f914f10c7d79e7eed64bf8975a948492f772ed1c7949fe15a46ba7d0c2741bea75531c9e0127fbbd2a17184f980cd71b75e23d6444a45ef27233e5274ddf4aae9e21d618a16bcc9c81fead3dfda8f6de411c3bee751ac12da6dcb2fc8444dee464551f86e00b241b49dc0b7d793cd633ebdaab3229ba055d5830f2d39e3e9553c37acea5696f2adbdcf9603100045e99fa573549debc65e475d3a4d5271b9e99ac5c18b4d75e039181f53d2a7b8b65b4f01ea902a64fd86566fa95e6b82d53c47acba405af3255863f749e87daafea9e26d726d12fa092f898e4b6757022419181e82b6af5fdd6edd0e7a14792499ffd9, '11223344', '2016-06-13', NULL, 'Wasim', '1997-01-07', 'select', 'India', 'Karnataka', 'Hindu', 'Muslim', 'OC', 'Urdu', 'Moulali', 'Zainab', 'Mundgod', 'Farmer', 'Mundgod', '9538846344', 'SMUDE', '0', NULL, 'nineth', 'English', 'Mole on the right cheek', NULL, NULL, '', NULL, NULL, NULL, NULL, NULL, NULL, NULL),
(0xffd8ffe000104a46494600010101006400640000ffdb004300080606070605080707070909080a0c140d0c0b0b0c1912130f141d1a1f1e1d1a1c1c20242e2720222c231c1c2837292c30313434341f27393d38323c2e333432ffdb0043010909090c0b0c180d0d1832211c213232323232323232323232323232323232323232323232323232323232323232323232323232323232323232323232323232ffc000110800b9009003012200021101031101ffc4001f0000010501010101010100000000000000000102030405060708090a0bffc400b5100002010303020403050504040000017d01020300041105122131410613516107227114328191a1082342b1c11552d1f02433627282090a161718191a25262728292a3435363738393a434445464748494a535455565758595a636465666768696a737475767778797a838485868788898a92939495969798999aa2a3a4a5a6a7a8a9aab2b3b4b5b6b7b8b9bac2c3c4c5c6c7c8c9cad2d3d4d5d6d7d8d9dae1e2e3e4e5e6e7e8e9eaf1f2f3f4f5f6f7f8f9faffc4001f0100030101010101010101010000000000000102030405060708090a0bffc400b51100020102040403040705040400010277000102031104052131061241510761711322328108144291a1b1c109233352f0156272d10a162434e125f11718191a262728292a35363738393a434445464748494a535455565758595a636465666768696a737475767778797a82838485868788898a92939495969798999aa2a3a4a5a6a7a8a9aab2b3b4b5b6b7b8b9bac2c3c4c5c6c7c8c9cad2d3d4d5d6d7d8d9dae2e3e4e5e6e7e8e9eaf2f3f4f5f6f7f8f9faffda000c03010002110311003f00f4896ff54fedc6d334eb7d3f11daa4ed25d3b8fbcceb80147fb39fc6ace3c51ff502ff00c8e6a2b7503c733e475d362fd2593fc6ba50a2b15628c0dbe2bed26823fed9ce7ff66a5dbe2cc7fafd047fdb098ffecd5be57d2976d3b215bccc0f2fc587adde8207fd79cc7ff6a528b7f14ffd04b445fa69b29ffdac2b7b1498cf6a56048c2fb2f8a09c7f6d68ea7fec1321ff00db8a4fb178a7b7883491f4d19fff00922b7b07d6818071dfd29d8a3005878a4b73e20d30ff00dc1d87fed7a47d37c54073e23d3c0f55d20f1f9cd5bc580349bcbaf534d6808c1161e2461cf892dc7fdc257fac8697fb37c427af8a07fc074c8c7f3635bc39e940a77b89985fd95af77f15cdff0001d3a0ff000a89b4cd7048887c57a87cc7f86c2d703df94ae8c63f1a5c0cf4e695c56303fb1358efe30d4ff0b4b4ff00e354bfd89ab77f186abff80b67ff00c66b78d349a06617f62ea8179f18eadf85b59fff0019aaae9a9e99aee931b7882f6f60ba9648e48ae20b7518113b0c148d48c151deba5620ae315cfeb1c6bda01edf6a907fe4096800871ff09d3ffd8353ff004635748a3bd73717fc8f38c73fd9dffb52ba41c52403874e68a4dddbfad2f6e298c5c5145231206719a041ef5c47897e25e8fa0cb2db5bab5fde4676bc711da887d19f18cfb0cd737f127c7f3a4f2e87a4dc796146dba9d721b3fdc53dbdc8fa7ad79107cab1e98e2ad46e4b763d06f3e2deb93ee36f0595b01c7085cf5f7207e95462f89fe2a21986a312ed23e4fb346571dfb57072c847cbcfbf3444ec91671f2934dd9045b67a8d87c65d4e09d06a1636d3dbe7e6f2c6c703b91d89f6c57a9681e2bd1fc4d01934cbb5959002f13655d3eaa79c7bf4af975a4006579fe953586a173617b15e5accf05d42db9244e0a9f6ff003ed49a4099f5b646ea5f4ae4bc0de2f5f15e8de6c8a897d6e425ca2f4cf6603d1b1f810476aeacb002a6c50a4e7a5337727ad1919f7a6b75e868b020cf7fe7585ac31fedbd006320de3f3c7fcfbcb5b2e4a8f5ac4d57fe42fe1f1eb7cfff00a4f35218f8b23c6cb9ff00a071e73ff4d2ba0dd8ae7fa78d63da793a736703d245ff001ae87048cedc7b5201dd4668e69768a76053109cd737e36d79fc3de1bbabd8bfe3e0811c03fdb6e87f0196ff0080d74bed5e49f1b35155b7d32c15b2cccd33283d3a053ffa15341b1e393bb3ca4ee24924924f24f3cd469bd86304d20cf9982bc9e9ef5def8534650e934c01cf4c8e94e735057614e93a8ec8e39348bc9fe610385232090715a51e8770f00478c938e06315ebc9a542e9918e9dcd0da6234651f1c743deb9275dcb63ba9d08c773c32f34f9ed9c80a760ebed54994897d47635eb1e22d0e27462984908fbc075af2ebfb496caee4864e581cfe15bd2abccac7357a5caee8e9fe1eeba743f1759cc5ff7170c2de6c9fe1638c9fa1c1fc2be92caedaf90ad89f35707047a57d5fa3de8d4b45b3bee333c2b21fa91922b4664b62eae370247229cc79e9519424e437439a79e47bd21a237c1ac3d606356f0f9e99bf3ff00a226adb381cf71589ae1ff00898787dbfea2207e70ca28637b132285f1b43c0e74d7edff004d52ba0ac01c78de0f53a6cbff00a363ae8060d4ad8903d28a38a4ea2980115f3f7c5a99ae3c6d3a31f96086341ec31bbf9b1afa04f4af9a7c5b25ceafe32bd99b389ae5a28c1e48553b47e828434ae51d074296f996565c464fde23803be3f957a969ba708d148000c56288d74fb48d23215235007cb9381e83b9acdd5af35786d6d2ea34bb5b7bb245b90e017604765e84e78079ebc571cdbab2b1e8c631a30f33d322408bf7ba557b7d434fbf69a0b6bc8e5921389554f2bc9fcfea2b9cd2bfb5edaebec7a84a7cd8df6beee7a7bf7a6cf6ff00d88b773c70dbc73cd264344cc72a4f4c13c7e1dea1d968545732b9af7f66266519ca9ae0bc4be1b6b97692260255e81ba30f4a9f558759b0b28756926945bcf2148d5582e48f4cfe58f6356fcfba57fb35d23a5c200ccb2770464107e9d8e0fae2ad42505ce88e653f759e6725a4d6771b264c1071d6be8df86f7f1df7822c361f9a1530bafa107fa8c1fc6bc5fc5962408ae557afcac7dfb5775f06af6768ef74d7cf950959947705b83f87ca2bae12e68dce3a94f92563d7141ce3146dc1cd1f376a7f6eb9a641030e79ac1d7f0b7da1118e3534ff00d1728adf6196c62b9ff10802eb44ed8d4a3ffd01e807b163a78dedbdb4c9bff46c55be318e0d60ff00ccf1680ffd0326cffdfd86b7f1ed4ba121499393c714bda8c6298086bc77c4da1a0f14b5cae02ace1c81c7524ff3af6339ae1bc5f65b254b9f719fceb3a97e5d0e8c3db9acce78c0f30c00481518b4863dd85cb93c803ad6a5ab797b4e011574411be5dab895d3d0f4a56b6a62db69eb6fb640bb147f0a8e2a8eb07ed122ae48cf4ada9e7ccaa8d14aed901563c7033dfa5666b2126bc8556da58e3e43483185fccff2a9776c4adb135aa996d4465da2638e578c9a886906191e427716e492739ad9d3ad4cda6c7211875006ec7dea5b99711f964618569cceda99ab27a1c7f8822f374b94151b9718ad3f8476e1b50d4aed41540121419ee07354b5bc8b19c83cedce7e95d57c2ed1df4cd1774c9b6598ef3cfa8e87e95d345e8615d1e803820fe94c72c1b08808279e718e6a5c714847ad6c71903b8042eee4f415cff88b267d1b3ff4128fff00417ae8dc1dbc000d73de23e24d1b9c91a943ff00b350265823fe2b7b227be993f5ff00aeb0ff008d6fe78ac193fe477b1c7fd036e7ff0046c15bc071496c214514839cf3466980bd6b235db437166e8bc1652335ad505c2f990b03e9d4f4a4f54545d9dcf398b31b18dbef21c1c55bfb4ec8fdfa557d526b44d51843730cace32c91b862a47ae2a94d29788c6075af3e6ad23d68be68dc74ba845e715493791d4839aa7717aacea646fba38c8eb53431491a178e0e9dc0a8678e69a23e745803da85cb6d419ada66a25142e731b9e3daa4bc7572c78ac2d2d85bdd639f2f91f4353ddde050f86e077a5e488b6a35606bfbf4b75883a39224e701571cff00403eb5e9ba55b7d9ed95476503f2ae23c2779a4496e2e23bf4796438652a463071c0239fc2bbcb4bdb5930914c849ed9e6bb69d92396bcafa177b7d298d9c0c1c7ae6972318a463c56a730d66caf15cff89863fb218751a9c1fccff8d6f13c01fd2b03c4bff30927a8d4adf3c7fb58a05d0989cf8dac727fe6193ffe8d86b7eb9ecedf1ad9703034d9ff00f4645fe14df1378bec7c391f96f99ef58652dd4e3f163fc3fe78a5711d182493b7f4aa979aad8586f17377146c80164dd9619e9f28e4d78aeafe36d675677125e490c2c4e2180ec5c7e1c93f53593a6df886f55a4650927cac4fbf7fcc0ace55525a1718de5667ac5f78ef931e9d6658f4f32738ff00c7475fcc572ba9dfea3aa026f6e6495073e5f451ff00011c525b840e51f823a5589d408c85ef5c93c449ec7a74f0f4e3e673a63313c728c821b1fa1abdf6b9622a6553b73f7bb557b8460abc670c3f91abb032c90ec7008359733dcd5249d8bf6dadc312e04aa01ea09a2ef57b778d88913047404565c9a446f96118907a55297435c13f66441ea69a92b1125a8973ac43137c8d93e8bd4d529e5bab84dd30f2a2c7118fbcdf5f4abd69a7c3039f2d0171e83a558812182f239afaddae235f99620db771cf5ce08c023e871549a3393e55766b68b3d9ff0067c369a7d8c9b6255596590796a8d8e0e4e724919c0e7bd4977ad1b5bb6302c4ed1b94f223214e4e7396f4ca9cf0707b5665f6a57577fbe59e6814ee0f1090edc123b74ec39fff0055505796eaeb7ec3820297c704818e3d781cd0eaafb2717b4ec777a7f88e4754904aa8fd4c00e411d80638058f4ec4f6ae9adf59b5b8648cc8b1c8e38566ebea3f0af3156b4b281ae2e9669446c32b1b0e49f5cf007bf3f4adbbfd3af3599e6103da5cd8b625297bff002c738230d8ce3f9575529c9c6e370bea7a0670318c62b07c48095d279e0ea5067fefaae3ae2e358d2cc2ff00da4eccca1834523ec6c7b3019fcb15664d525bfbcd258cb2bc6fa8c04867242e1ba6381e95aaa89bb10e9b4ae58f1aeb773a2eb5a7cd66cab34b653c41c8e532f11c81d3b63f1af31b898c9333bbb3c8e72eee7258ff00b47b9f7aeefe2871a8e8b9c12609fa9f78ebcee627767a9c56536ef623a5c6cbf2f7ce7fcfe751ac8319cf7fce95b9e739c77f6f5a84820f4cf3502b9dce87762fec95598f9d0fca73fc4bd8ff004fc3deb65558a75c8af3ed2b503a7deacdc943c38cf507fc2bd0a091648d594e558647d2b9aa46ccf530f579e1af4332f372738e8c3229d1a30f9e33d7b56b4b682e222a83e7c703d4d451e9f233010ab316e817bd67aec745d321574db97254d2a44b72c563667c7518fc2b46e34a9ade0df22a4a42969228e502441c7cdd0e473938e062abe962ca398c0d2dd4af36153ce540aa4fcc09c1c1db856e9c1c56b1a2fae8613acada10cfa41b66da9751e61709756d82aeaac38707f8b039e3fa1aa373a830b7105c046000395fe03f5c73ff00d6adcd46f20b4d2fcb962486f33848e27deedb8e48ee402c4e073df1d715cdea96777630dbdd5e0da64e523c6769ec1bdfaf1ec69568bbf2c4e294a551f294b73dee562040d9f337fb3903a56cc2563b4b589608d1413975eac707a8feb5bfe1ed2e26f0e18cc8eeb297c36dda40ce3a6486e47b1e2b02481d6e3ca70aa60624f0416edd3ffd5fd2a7979071824ec4905932ea9e5cb0bf9b247f702f2c9dff0003c8fceb6a11a769910b208f7734241761fbbe0642ee3921f68c0c6319158297137f6ac2c6465327eebcc1d57775fd33570c7716acaf1e94932e48499eef08d8ff0060286f4efdeba283d2c5495f722d59ad8984c45c4854f98f21cb31cf5c803e9d074fad66e9cee359d363c9286feddb23900f983fc6acde4b7523c7e7b5b8f97e58ed94a2a7b65802c7dc93f5aa3603fe27da4923245fc007238fde2ff4cfe755ff002f0992f74d5f8a9ff1ff00a19ce730ce3ebcc55e7ee0b0639e8724ff005aeffe2ae0df684473fbab8c7e715706fb6253cee271815a4fe239ba1063e53dc9e9f5ff00ebd4201c601edfa7ff0058d4acea0103253f98f5a66e3fc20fb9feb50021fbd91c1f4c575de1ad4b7c5f639241bd46e8c93f797d3f0ac7d1fc3d7fae799f6645db12e5864163ce30133b8f27ae303f4aea34fb01a386413a5a1e0bdcdca61f3c7e239fe15f4039e4d2943991bd1728cb996c6f4198a259ae664b78c7cc1dc1c9e4745eadd40e3d451e7cecad0da661b3552679db024641d428078e4151d4e4e7a0e68de4c2d6265b08dae24dfb669e55cb2760e8b9c70c4f5cfcc49c7a41a28934b84cb71134b753c8499d8ab47104388f712723272474c8c014e14d44de53722eea73b43756b7900311560f9624649cbe3e7e5720b28e380ff4aaf78b6cbaa5d6db9f2ac4ca3f78a85d88721f083a9382147a753c55cbab7867390fe4db45188dd594b12c00c70c7d47527bd50d46d2ea1b686fa3b8333dd48ced84c1423be718e99e3dbda9ca564424ed736f489acae752ba9e280a4dcc8bb9572a09239c719cb01fe4d51648b5e679427c91b09207e3e723f1e437383efef5c835d5c3492a4323ac6c364841c16cf6ab56b7f35cdf476db7cd0e9e5ac7b7d17e5c01ee01ae772bbbb144f43d2ece686d210b3300ca1b6a9cafae39ff003fd327c439b5d52262a0abab3636fca4f00fe98ab5e1ad6205b55b59e5c5c464a98d811b80e723d71d0f7e2abf896eedefee6dbecd3a4d856cec6ce3257f23c1aa76e4b93ab67337cd35c4de6c44290fbfe51c0efc7d2b674fbf9e703ca9921b8240647f9d58f7280f01b18f5e9d0d5110a98df711c8c8c9ea39e95434c494de94491438194c9eac39c71d0f1f89c77e2a6936997a3563575b1225cc21e13132a1560622a4918c9c163f293c822b1ec194eb3a6e0b230bdb7e36f5fdeaff008e7f0abdafea66f35563284063076e473b4fccbc8ff648ee79cd56d363ff0089958baaaed5bdb5f983671fbe5fc47f9cd6dff2f0997c2687c59ff8fdd071ff003cee391f58abce9dd46ecf43dff1af45f8b6c04da0e3af97703ff45579c48416c0231dab59ee7291aca99ce32d9e07f9f6aec7c2be146d47cad435218b339315a8196b8c1e7a73b783d067f0ebc9e93a68d4759b3b605951e401caf500727f415e9dad584522c6b750079a35091420738030a0775e800ed9c7502a2564694e1cc4377a7db6a724f75132a4219223048bb4b4718c291cf4e3ff001c1eb572e7418b5bd934b3ce9300a15c8ca0000c86e40c6318c73c67906a4b6b9834d7db777725e88d3f7cf27cce073852debc9fc3ea2b71673fd8f2458db3c4c603f2e3278c1e09e0a90c79ef51ed11d1b2b2321b4bbbb9b46b56ba820f390872177025999b001c6dfbe46739e3a552d4ec61b49629ec5218dcec8e6924cb8e06021c927015463007e75d0463ce8f0ebb113fe59293b029278df81b874e71dbf1ac9d44ac70b4c80185a40add1802a01efc9e73ff007cd4aa8d9ac7592b95185bea7641e48c4f70ae23dc85c19980c02074ebc9e99fa5546d52040ba3dc23298e4cce57e611a8f5c0392490383c62a3bdbd9f4cb592dada4655933bf727cf1f5039c633827ffd759da4ed9669659599e49564de58e724a920927a9ce79fa54ca6a282b4925ca8b5397d63569160016163b2353c0551c0ce3f53563c29a7aff6d5db4e62996d94460a9c8decc0161ed80dcfb8a8f4b67b7b2b9bb5386276a7b9e9fe359b692dc5884b948dc79ee4472a76208ce3ae7e878e6b1849b91cb193d8eda5d2a4b6be5bc476106e3e78ce48248f99727f3c74ebf48f5a9677741247bb1bb6c870491c64123af07aff002ad5b02356b34df7697103004c6aa13231901c67f4e3f9e30fc4e904375142657da518c6bce072b9fc3f0ff01b5acae6b195998464690e24b821555c2f53838c81ec09a92ded524b8286e6352554c6d8382c481b33fdef980edc8c5581a7c1159b4b124b2b6f1080e0a6588ce47d31d0f0692d3cefed69e02ae265b79088a27d8c5b23e5523ee9380011dc7e14a9af782564b432f5a9da7bd04a18e44882c878c31c9e71f423f2a3496592f6c4b062e350b451c0007ef54ff4aafac4ed3ea127990490c9b1418e5fbe0e3bfa9ff3c74ad1d191a38ac06fc86d4ad7e5e303f7a9c8ff003dab58fc64bf84bdf17900974261d40b8ffda75e6ea6022649d995c440c67b6e1c907ea33f8d7a57c5e6f97457cf1fbf03f24ff0af2c9a4463f2e41048ae892bb3951d578134dba92fe5d55630d0daa94c938df238c63f00727f0f5ae92e607b50525b826118db31959da2e771039fbdc9e3b55dd2ed574ed061b772a6dfcb4904606436402493d4e589e3b560995e3b912dcdbfdaa5c9e65059727dbb9cf35c95e7d8eb8de103463b43369c64b2b23142bf3e0b132c8a01264dbdc648c601e483c0ae96da2023b4915a5837dba86485c3aa600c727af0cc33feed60b26b520fed3bc9cc02220c1107c382c40e17391d0139eb8addb4d915a5b5c5fc8b2c201cc929c61883c100018393dbd2a629728a2db44c9b5de489664720825514911e3eef4ea073fd318acc9f55b9b39604b185e5b86dc668dc3288df0b8fbc338e73e879e95b5a96b31699a6b5c306540c1563180ced8e00c9f407f0cfa572aba841711cb7172ec0cecc598f3b718daa3927918fd7d2a924b42e3e6636ab3c5279d1c018b4936fdece73d4e73c75391ed51b6e62a618c26d40a369e48c75a6dd3c32ead793c29b2289c88c05e849fd38ad3b455752557a0ceda871e7763a22a31bce4ae671b990db2da2fdc27818efdebb2d42dfced1acec6ca5459218d424d8ce0a8c13f8f3f9d7372da66f4209123e8c01f5f4ad1d226b8826027422224f97b064f19cf4e9554a3cb268c2bd3d79e0c97c3924b0deae9b23807ca0e9328f9a3e0301ee08ec4f71d28f105cefd7ac119156e5237cc60f1bfe5c76e9d0fe3525e06911ae238ae22bdb42640f273be23fcb039c7603dc819be209249decf5c881f3ad944572b8e319c64fe271ff00021d28df464c7469b229c5db4324f3cc5dfcfe558606f3d7a76f97a0f5abf6967336bf05c492233cf19c045c0c7b567dd86fb33cb89383b951c6d254e4e71ee307f1ac49fed37d2476d6a7cd9d955a346944781d721988038e7afb5287bb2d4525dfa8dd5ed960d56f638d3623ca64da070a58ee23f024d6be9040b6d38ed639d4edb0d838ff005a9f8561eb11cd1dfc91cacaf222c41995b393e58ff3c71e95bda62b8b0d219ae180fed1b6211b383fbe518febe9f8d6f17efb27ec9d3f8dfc3579e2d4d396c2e6da230798499cb61b705c118cfa5722df06f5a9064ea9a729f5f9cff4af54d3ff00e4136ff41fcab41bf87e95d2731e769e09f15246a8352d1c6d8d63fbb274031d31d7de92c3c0de28d3ae96e21d4f49dd9ce089307f4af421d454737f17fbc9ff00a10acfd8c25ba34756725cbd8e71b45f12bbe4be82188009fdf107ae7d3dbf2a749a47899a28e159b408d63c140b1cc7690081dfb641fc0574a7ad28e83e955eca16d88e6699c56a9e13f12eb0fbe6d47468f08506d8253807078cb7a8aa51fc3ef1124a243ae69ac770703ecb26dcfae3757a22f56a46eb43a504af62fda49753cf26f877adcf3348fade9aa5c0185b590818e9fc756adbc09adc006dd7f4e18007fc83dcf4f6f371ef5db2d20e86a7d9c16b61fb59dad738f87c09abc5379a3c43a796d8570fa53381939cf3375a7af8235b0307c4f687e7dfbbfb2d81078f49c715da2fdc1519feb56a31ec26e4dd9b39c7f0df885ee04dff0009358a301821749241fa8331f6aae9e0dd6d3701e29802b6785d280da3a71fbdec318fa0f4aea8d1dcfd2a1c637d89e677b1c67fc2bbbdeb278aae1d89c963648589ce739663ce7d73c52b7c3a964d497507f12dd1b918c38b2800e98e5718cfbe2bb01fea4fd6a33f76af962ba09b6f7390bcf86297f74f7577e26d4649df1b984102e7030380b8e80558b5f87b05b4d68cfae5ecd1dacc932c6d0403255f7805826eea3d6ba57fba29e9d6969b8ed647ffd9, '1235433', '2015-12-11', NULL, 'Ramesh', '1990-01-10', 'male', 'India', 'Andhra pradesh', 'indian', 'Hindu', 'BC', 'Telugu', 'Father', 'Mother', '11/A', 'Farmar', '11/A', '8892535770', 'GPREC', '123456', NULL, 'fourth', 'English', 'Mole on the right hand', NULL, NULL, '', NULL, NULL, NULL, NULL, NULL, NULL, NULL);
INSERT INTO `student` (`PHOTO`, `ADMISSION_NUMBER`, `DOJ`, `CURRENT_ACADAMIC_YEAR`, `STUDENT_NAME`, `DOB`, `GENDER`, `NATIONALITY`, `STATE`, `RELIGION`, `CASTE`, `CASTE_CATEGORY`, `MOTHER_TOUNGE`, `FATHER_NAME`, `MOTHER_NAME`, `RESIDENCE`, `FATHER_OCCUPATION`, `FATHER_RESIDENCE`, `PHONE_NUMBER`, `SCHOOLS_PREVIOUS`, `TC_NUMBER`, `TC_DATE`, `CLASS_ADMITTED`, `MEDIUM`, `IDENTITY_MARKS`, `BRANCH`, `CREATION_DATE`, `CREATED_BY`, `UPDATED_DATE`, `UPDATED_BY`, `ATTRIBUTE1`, `ATTRIBUTE2`, `ATTRIBUTE3`, `ATTRIBUTE4`, `ATTRIBUTE5`) VALUES
(0xffd8ffe000104a46494600010101006400640000ffdb004300080606070605080707070909080a0c140d0c0b0b0c1912130f141d1a1f1e1d1a1c1c20242e2720222c231c1c2837292c30313434341f27393d38323c2e333432ffdb0043010909090c0b0c180d0d1832211c213232323232323232323232323232323232323232323232323232323232323232323232323232323232323232323232323232ffc000110800b9009003012200021101031101ffc4001f0000010501010101010100000000000000000102030405060708090a0bffc400b5100002010303020403050504040000017d01020300041105122131410613516107227114328191a1082342b1c11552d1f02433627282090a161718191a25262728292a3435363738393a434445464748494a535455565758595a636465666768696a737475767778797a838485868788898a92939495969798999aa2a3a4a5a6a7a8a9aab2b3b4b5b6b7b8b9bac2c3c4c5c6c7c8c9cad2d3d4d5d6d7d8d9dae1e2e3e4e5e6e7e8e9eaf1f2f3f4f5f6f7f8f9faffc4001f0100030101010101010101010000000000000102030405060708090a0bffc400b51100020102040403040705040400010277000102031104052131061241510761711322328108144291a1b1c109233352f0156272d10a162434e125f11718191a262728292a35363738393a434445464748494a535455565758595a636465666768696a737475767778797a82838485868788898a92939495969798999aa2a3a4a5a6a7a8a9aab2b3b4b5b6b7b8b9bac2c3c4c5c6c7c8c9cad2d3d4d5d6d7d8d9dae2e3e4e5e6e7e8e9eaf2f3f4f5f6f7f8f9faffda000c03010002110311003f00f4896ff54fedc6d334eb7d3f11daa4ed25d3b8fbcceb80147fb39fc6ace3c51ff502ff00c8e6a2b7503c733e475d362fd2593fc6ba50a2b15628c0dbe2bed26823fed9ce7ff66a5dbe2cc7fafd047fdb098ffecd5be57d2976d3b215bccc0f2fc587adde8207fd79cc7ff6a528b7f14ffd04b445fa69b29ffdac2b7b1498cf6a56048c2fb2f8a09c7f6d68ea7fec1321ff00db8a4fb178a7b7883491f4d19fff00922b7b07d6818071dfd29d8a3005878a4b73e20d30ff00dc1d87fed7a47d37c54073e23d3c0f55d20f1f9cd5bc580349bcbaf534d6808c1161e2461cf892dc7fdc257fac8697fb37c427af8a07fc074c8c7f3635bc39e940a77b89985fd95af77f15cdff0001d3a0ff000a89b4cd7048887c57a87cc7f86c2d703df94ae8c63f1a5c0cf4e695c56303fb1358efe30d4ff0b4b4ff00e354bfd89ab77f186abff80b67ff00c66b78d349a06617f62ea8179f18eadf85b59fff0019aaae9a9e99aee931b7882f6f60ba9648e48ae20b7518113b0c148d48c151deba5620ae315cfeb1c6bda01edf6a907fe4096800871ff09d3ffd8353ff004635748a3bd73717fc8f38c73fd9dffb52ba41c52403874e68a4dddbfad2f6e298c5c5145231206719a041ef5c47897e25e8fa0cb2db5bab5fde4676bc711da887d19f18cfb0cd737f127c7f3a4f2e87a4dc796146dba9d721b3fdc53dbdc8fa7ad79107cab1e98e2ad46e4b763d06f3e2deb93ee36f0595b01c7085cf5f7207e95462f89fe2a21986a312ed23e4fb346571dfb57072c847cbcfbf3444ec91671f2934dd9045b67a8d87c65d4e09d06a1636d3dbe7e6f2c6c703b91d89f6c57a9681e2bd1fc4d01934cbb5959002f13655d3eaa79c7bf4af975a4006579fe953586a173617b15e5accf05d42db9244e0a9f6ff003ed49a4099f5b646ea5f4ae4bc0de2f5f15e8de6c8a897d6e425ca2f4cf6603d1b1f810476aeacb002a6c50a4e7a5337727ad1919f7a6b75e868b020cf7fe7585ac31fedbd006320de3f3c7fcfbcb5b2e4a8f5ac4d57fe42fe1f1eb7cfff00a4f35218f8b23c6cb9ff00a071e73ff4d2ba0dd8ae7fa78d63da793a736703d245ff001ae87048cedc7b5201dd4668e69768a76053109cd737e36d79fc3de1bbabd8bfe3e0811c03fdb6e87f0196ff0080d74bed5e49f1b35155b7d32c15b2cccd33283d3a053ffa15341b1e393bb3ca4ee24924924f24f3cd469bd86304d20cf9982bc9e9ef5def8534650e934c01cf4c8e94e735057614e93a8ec8e39348bc9fe610385232090715a51e8770f00478c938e06315ebc9a542e9918e9dcd0da6234651f1c743deb9275dcb63ba9d08c773c32f34f9ed9c80a760ebed54994897d47635eb1e22d0e27462984908fbc075af2ebfb496caee4864e581cfe15bd2abccac7357a5caee8e9fe1eeba743f1759cc5ff7170c2de6c9fe1638c9fa1c1fc2be92caedaf90ad89f35707047a57d5fa3de8d4b45b3bee333c2b21fa91922b4664b62eae370247229cc79e9519424e437439a79e47bd21a237c1ac3d606356f0f9e99bf3ff00a226adb381cf71589ae1ff00898787dbfea2207e70ca28637b132285f1b43c0e74d7edff004d52ba0ac01c78de0f53a6cbff00a363ae8060d4ad8903d28a38a4ea2980115f3f7c5a99ae3c6d3a31f96086341ec31bbf9b1afa04f4af9a7c5b25ceafe32bd99b389ae5a28c1e48553b47e828434ae51d074296f996565c464fde23803be3f957a969ba708d148000c56288d74fb48d23215235007cb9381e83b9acdd5af35786d6d2ea34bb5b7bb245b90e017604765e84e78079ebc571cdbab2b1e8c631a30f33d322408bf7ba557b7d434fbf69a0b6bc8e5921389554f2bc9fcfea2b9cd2bfb5edaebec7a84a7cd8df6beee7a7bf7a6cf6ff00d88b773c70dbc73cd264344cc72a4f4c13c7e1dea1d968545732b9af7f66266519ca9ae0bc4be1b6b97692260255e81ba30f4a9f558759b0b28756926945bcf2148d5582e48f4cfe58f6356fcfba57fb35d23a5c200ccb2770464107e9d8e0fae2ad42505ce88e653f759e6725a4d6771b264c1071d6be8df86f7f1df7822c361f9a1530bafa107fa8c1fc6bc5fc5962408ae557afcac7dfb5775f06af6768ef74d7cf950959947705b83f87ca2bae12e68dce3a94f92563d7141ce3146dc1cd1f376a7f6eb9a641030e79ac1d7f0b7da1118e3534ff00d1728adf6196c62b9ff10802eb44ed8d4a3ffd01e807b163a78dedbdb4c9bff46c55be318e0d60ff00ccf1680ffd0326cffdfd86b7f1ed4ba121499393c714bda8c6298086bc77c4da1a0f14b5cae02ace1c81c7524ff3af6339ae1bc5f65b254b9f719fceb3a97e5d0e8c3db9acce78c0f30c00481518b4863dd85cb93c803ad6a5ab797b4e011574411be5dab895d3d0f4a56b6a62db69eb6fb640bb147f0a8e2a8eb07ed122ae48cf4ada9e7ccaa8d14aed901563c7033dfa5666b2126bc8556da58e3e43483185fccff2a9776c4adb135aa996d4465da2638e578c9a886906191e427716e492739ad9d3ad4cda6c7211875006ec7dea5b99711f964618569cceda99ab27a1c7f8822f374b94151b9718ad3f8476e1b50d4aed41540121419ee07354b5bc8b19c83cedce7e95d57c2ed1df4cd1774c9b6598ef3cfa8e87e95d345e8615d1e803820fe94c72c1b08808279e718e6a5c714847ad6c71903b8042eee4f415cff88b267d1b3ff4128fff00417ae8dc1dbc000d73de23e24d1b9c91a943ff00b350265823fe2b7b227be993f5ff00aeb0ff008d6fe78ac193fe477b1c7fd036e7ff0046c15bc071496c214514839cf3466980bd6b235db437166e8bc1652335ad505c2f990b03e9d4f4a4f54545d9dcf398b31b18dbef21c1c55bfb4ec8fdfa557d526b44d51843730cace32c91b862a47ae2a94d29788c6075af3e6ad23d68be68dc74ba845e715493791d4839aa7717aacea646fba38c8eb53431491a178e0e9dc0a8678e69a23e745803da85cb6d419ada66a25142e731b9e3daa4bc7572c78ac2d2d85bdd639f2f91f4353ddde050f86e077a5e488b6a35606bfbf4b75883a39224e701571cff00403eb5e9ba55b7d9ed95476503f2ae23c2779a4496e2e23bf4796438652a463071c0239fc2bbcb4bdb5930914c849ed9e6bb69d92396bcafa177b7d298d9c0c1c7ae6972318a463c56a730d66caf15cff89863fb218751a9c1fccff8d6f13c01fd2b03c4bff30927a8d4adf3c7fb58a05d0989cf8dac727fe6193ffe8d86b7eb9ecedf1ad9703034d9ff00f4645fe14df1378bec7c391f96f99ef58652dd4e3f163fc3fe78a5711d182493b7f4aa979aad8586f17377146c80164dd9619e9f28e4d78aeafe36d675677125e490c2c4e2180ec5c7e1c93f53593a6df886f55a4650927cac4fbf7fcc0ace55525a1718de5667ac5f78ef931e9d6658f4f32738ff00c7475fcc572ba9dfea3aa026f6e6495073e5f451ff00011c525b840e51f823a5589d408c85ef5c93c449ec7a74f0f4e3e673a63313c728c821b1fa1abdf6b9622a6553b73f7bb557b8460abc670c3f91abb032c90ec7008359733dcd5249d8bf6dadc312e04aa01ea09a2ef57b778d88913047404565c9a446f96118907a55297435c13f66441ea69a92b1125a8973ac43137c8d93e8bd4d529e5bab84dd30f2a2c7118fbcdf5f4abd69a7c3039f2d0171e83a558812182f239afaddae235f99620db771cf5ce08c023e871549a3393e55766b68b3d9ff0067c369a7d8c9b6255596590796a8d8e0e4e724919c0e7bd4977ad1b5bb6302c4ed1b94f223214e4e7396f4ca9cf0707b5665f6a57577fbe59e6814ee0f1090edc123b74ec39fff0055505796eaeb7ec3820297c704818e3d781cd0eaafb2717b4ec777a7f88e4754904aa8fd4c00e411d80638058f4ec4f6ae9adf59b5b8648cc8b1c8e38566ebea3f0af3156b4b281ae2e9669446c32b1b0e49f5cf007bf3f4adbbfd3af3599e6103da5cd8b625297bff002c738230d8ce3f9575529c9c6e370bea7a0670318c62b07c48095d279e0ea5067fefaae3ae2e358d2cc2ff00da4eccca1834523ec6c7b3019fcb15664d525bfbcd258cb2bc6fa8c04867242e1ba6381e95aaa89bb10e9b4ae58f1aeb773a2eb5a7cd66cab34b653c41c8e532f11c81d3b63f1af31b898c9333bbb3c8e72eee7258ff00b47b9f7aeefe2871a8e8b9c12609fa9f78ebcee627767a9c56536ef623a5c6cbf2f7ce7fcfe751ac8319cf7fce95b9e739c77f6f5a84820f4cf3502b9dce87762fec95598f9d0fca73fc4bd8ff004fc3deb65558a75c8af3ed2b503a7deacdc943c38cf507fc2bd0a091648d594e558647d2b9aa46ccf530f579e1af4332f372738e8c3229d1a30f9e33d7b56b4b682e222a83e7c703d4d451e9f233010ab316e817bd67aec745d321574db97254d2a44b72c563667c7518fc2b46e34a9ade0df22a4a42969228e502441c7cdd0e473938e062abe962ca398c0d2dd4af36153ce540aa4fcc09c1c1db856e9c1c56b1a2fae8613acada10cfa41b66da9751e61709756d82aeaac38707f8b039e3fa1aa373a830b7105c046000395fe03f5c73ff00d6adcd46f20b4d2fcb962486f33848e27deedb8e48ee402c4e073df1d715cdea96777630dbdd5e0da64e523c6769ec1bdfaf1ec69568bbf2c4e294a551f294b73dee562040d9f337fb3903a56cc2563b4b589608d1413975eac707a8feb5bfe1ed2e26f0e18cc8eeb297c36dda40ce3a6486e47b1e2b02481d6e3ca70aa60624f0416edd3ffd5fd2a7979071824ec4905932ea9e5cb0bf9b247f702f2c9dff0003c8fceb6a11a769910b208f7734241761fbbe0642ee3921f68c0c6319158297137f6ac2c6465327eebcc1d57775fd33570c7716acaf1e94932e48499eef08d8ff0060286f4efdeba283d2c5495f722d59ad8984c45c4854f98f21cb31cf5c803e9d074fad66e9cee359d363c9286feddb23900f983fc6acde4b7523c7e7b5b8f97e58ed94a2a7b65802c7dc93f5aa3603fe27da4923245fc007238fde2ff4cfe755ff002f0992f74d5f8a9ff1ff00a19ce730ce3ebcc55e7ee0b0639e8724ff005aeffe2ae0df684473fbab8c7e715706fb6253cee271815a4fe239ba1063e53dc9e9f5ff00ebd4201c601edfa7ff0058d4acea0103253f98f5a66e3fc20fb9feb50021fbd91c1f4c575de1ad4b7c5f639241bd46e8c93f797d3f0ac7d1fc3d7fae799f6645db12e5864163ce30133b8f27ae303f4aea34fb01a386413a5a1e0bdcdca61f3c7e239fe15f4039e4d2943991bd1728cb996c6f4198a259ae664b78c7cc1dc1c9e4745eadd40e3d451e7cecad0da661b3552679db024641d428078e4151d4e4e7a0e68de4c2d6265b08dae24dfb669e55cb2760e8b9c70c4f5cfcc49c7a41a28934b84cb71134b753c8499d8ab47104388f712723272474c8c014e14d44de53722eea73b43756b7900311560f9624649cbe3e7e5720b28e380ff4aaf78b6cbaa5d6db9f2ac4ca3f78a85d88721f083a9382147a753c55cbab7867390fe4db45188dd594b12c00c70c7d47527bd50d46d2ea1b686fa3b8333dd48ced84c1423be718e99e3dbda9ca564424ed736f489acae752ba9e280a4dcc8bb9572a09239c719cb01fe4d51648b5e679427c91b09207e3e723f1e437383efef5c835d5c3492a4323ac6c364841c16cf6ab56b7f35cdf476db7cd0e9e5ac7b7d17e5c01ee01ae772bbbb144f43d2ece686d210b3300ca1b6a9cafae39ff003fd327c439b5d52262a0abab3636fca4f00fe98ab5e1ad6205b55b59e5c5c464a98d811b80e723d71d0f7e2abf896eedefee6dbecd3a4d856cec6ce3257f23c1aa76e4b93ab67337cd35c4de6c44290fbfe51c0efc7d2b674fbf9e703ca9921b8240647f9d58f7280f01b18f5e9d0d5110a98df711c8c8c9ea39e95434c494de94491438194c9eac39c71d0f1f89c77e2a6936997a3563575b1225cc21e13132a1560622a4918c9c163f293c822b1ec194eb3a6e0b230bdb7e36f5fdeaff008e7f0abdafea66f35563284063076e473b4fccbc8ff648ee79cd56d363ff0089958baaaed5bdb5f983671fbe5fc47f9cd6dff2f0997c2687c59ff8fdd071ff003cee391f58abce9dd46ecf43dff1af45f8b6c04da0e3af97703ff45579c48416c0231dab59ee7291aca99ce32d9e07f9f6aec7c2be146d47cad435218b339315a8196b8c1e7a73b783d067f0ebc9e93a68d4759b3b605951e401caf500727f415e9dad584522c6b750079a35091420738030a0775e800ed9c7502a2564694e1cc4377a7db6a724f75132a4219223048bb4b4718c291cf4e3ff001c1eb572e7418b5bd934b3ce9300a15c8ca0000c86e40c6318c73c67906a4b6b9834d7db777725e88d3f7cf27cce073852debc9fc3ea2b71673fd8f2458db3c4c603f2e3278c1e09e0a90c79ef51ed11d1b2b2321b4bbbb9b46b56ba820f390872177025999b001c6dfbe46739e3a552d4ec61b49629ec5218dcec8e6924cb8e06021c927015463007e75d0463ce8f0ebb113fe59293b029278df81b874e71dbf1ac9d44ac70b4c80185a40add1802a01efc9e73ff007cd4aa8d9ac7592b95185bea7641e48c4f70ae23dc85c19980c02074ebc9e99fa5546d52040ba3dc23298e4cce57e611a8f5c0392490383c62a3bdbd9f4cb592dada4655933bf727cf1f5039c633827ffd759da4ed9669659599e49564de58e724a920927a9ce79fa54ca6a282b4925ca8b5397d63569160016163b2353c0551c0ce3f53563c29a7aff6d5db4e62996d94460a9c8decc0161ed80dcfb8a8f4b67b7b2b9bb5386276a7b9e9fe359b692dc5884b948dc79ee4472a76208ce3ae7e878e6b1849b91cb193d8eda5d2a4b6be5bc476106e3e78ce48248f99727f3c74ebf48f5a9677741247bb1bb6c870491c64123af07aff002ad5b02356b34df7697103004c6aa13231901c67f4e3f9e30fc4e904375142657da518c6bce072b9fc3f0ff01b5acae6b195998464690e24b821555c2f53838c81ec09a92ded524b8286e6352554c6d8382c481b33fdef980edc8c5581a7c1159b4b124b2b6f1080e0a6588ce47d31d0f0692d3cefed69e02ae265b79088a27d8c5b23e5523ee9380011dc7e14a9af782564b432f5a9da7bd04a18e44882c878c31c9e71f423f2a3496592f6c4b062e350b451c0007ef54ff4aafac4ed3ea127990490c9b1418e5fbe0e3bfa9ff3c74ad1d191a38ac06fc86d4ad7e5e303f7a9c8ff003dab58fc64bf84bdf17900974261d40b8ffda75e6ea6022649d995c440c67b6e1c907ea33f8d7a57c5e6f97457cf1fbf03f24ff0af2c9a4463f2e41048ae892bb3951d578134dba92fe5d55630d0daa94c938df238c63f00727f0f5ae92e607b50525b826118db31959da2e771039fbdc9e3b55dd2ed574ed061b772a6dfcb4904606436402493d4e589e3b560995e3b912dcdbfdaa5c9e65059727dbb9cf35c95e7d8eb8de103463b43369c64b2b23142bf3e0b132c8a01264dbdc648c601e483c0ae96da2023b4915a5837dba86485c3aa600c727af0cc33feed60b26b520fed3bc9cc02220c1107c382c40e17391d0139eb8addb4d915a5b5c5fc8b2c201cc929c61883c100018393dbd2a629728a2db44c9b5de489664720825514911e3eef4ea073fd318acc9f55b9b39604b185e5b86dc668dc3288df0b8fbc338e73e879e95b5a96b31699a6b5c306540c1563180ced8e00c9f407f0cfa572aba841711cb7172ec0cecc598f3b718daa3927918fd7d2a924b42e3e6636ab3c5279d1c018b4936fdece73d4e73c75391ed51b6e62a618c26d40a369e48c75a6dd3c32ead793c29b2289c88c05e849fd38ad3b455752557a0ceda871e7763a22a31bce4ae671b990db2da2fdc27818efdebb2d42dfced1acec6ca5459218d424d8ce0a8c13f8f3f9d7372da66f4209123e8c01f5f4ad1d226b8826027422224f97b064f19cf4e9554a3cb268c2bd3d79e0c97c3924b0deae9b23807ca0e9328f9a3e0301ee08ec4f71d28f105cefd7ac119156e5237cc60f1bfe5c76e9d0fe3525e06911ae238ae22bdb42640f273be23fcb039c7603dc819be209249decf5c881f3ad944572b8e319c64fe271ff00021d28df464c7469b229c5db4324f3cc5dfcfe558606f3d7a76f97a0f5abf6967336bf05c492233cf19c045c0c7b567dd86fb33cb89383b951c6d254e4e71ee307f1ac49fed37d2476d6a7cd9d955a346944781d721988038e7afb5287bb2d4525dfa8dd5ed960d56f638d3623ca64da070a58ee23f024d6be9040b6d38ed639d4edb0d838ff005a9f8561eb11cd1dfc91cacaf222c41995b393e58ff3c71e95bda62b8b0d219ae180fed1b6211b383fbe518febe9f8d6f17efb27ec9d3f8dfc3579e2d4d396c2e6da230798499cb61b705c118cfa5722df06f5a9064ea9a729f5f9cff4af54d3ff00e4136ff41fcab41bf87e95d2731e769e09f15246a8352d1c6d8d63fbb274031d31d7de92c3c0de28d3ae96e21d4f49dd9ce089307f4af421d454737f17fbc9ff00a10acfd8c25ba34756725cbd8e71b45f12bbe4be82188009fdf107ae7d3dbf2a749a47899a28e159b408d63c140b1cc7690081dfb641fc0574a7ad28e83e955eca16d88e6699c56a9e13f12eb0fbe6d47468f08506d8253807078cb7a8aa51fc3ef1124a243ae69ac770703ecb26dcfae3757a22f56a46eb43a504af62fda49753cf26f877adcf3348fade9aa5c0185b590818e9fc756adbc09adc006dd7f4e18007fc83dcf4f6f371ef5db2d20e86a7d9c16b61fb59dad738f87c09abc5379a3c43a796d8570fa53381939cf3375a7af8235b0307c4f687e7dfbbfb2d81078f49c715da2fdc1519feb56a31ec26e4dd9b39c7f0df885ee04dff0009358a301821749241fa8331f6aae9e0dd6d3701e29802b6785d280da3a71fbdec318fa0f4aea8d1dcfd2a1c637d89e677b1c67fc2bbbdeb278aae1d89c963648589ce739663ce7d73c52b7c3a964d497507f12dd1b918c38b2800e98e5718cfbe2bb01fea4fd6a33f76af962ba09b6f7390bcf86297f74f7577e26d4649df1b984102e7030380b8e80558b5f87b05b4d68cfae5ecd1dacc932c6d0403255f7805826eea3d6ba57fba29e9d6969b8ed647ffd9, '1235434', '2016-06-07', NULL, 'Savithramma', '1970-01-10', 'female', 'India', 'Andhra pradesh', 'indian', 'Hindu', 'OC', 'Telugu', 'Ramakrishna reddy', 'Aswarthmma', 'Sanevaripalli', 'Farmar', 'Sanevaripalli', '8904482025', 'Z P High School', '7654321', NULL, 'sixth', 'English', 'Mole on the right hand', NULL, NULL, '', NULL, NULL, NULL, NULL, NULL, NULL, NULL),
(0xffd8ffe000104a46494600010101006400640000ffdb004300080606070605080707070909080a0c140d0c0b0b0c1912130f141d1a1f1e1d1a1c1c20242e2720222c231c1c2837292c30313434341f27393d38323c2e333432ffdb0043010909090c0b0c180d0d1832211c213232323232323232323232323232323232323232323232323232323232323232323232323232323232323232323232323232ffc000110800b9009003012200021101031101ffc4001f0000010501010101010100000000000000000102030405060708090a0bffc400b5100002010303020403050504040000017d01020300041105122131410613516107227114328191a1082342b1c11552d1f02433627282090a161718191a25262728292a3435363738393a434445464748494a535455565758595a636465666768696a737475767778797a838485868788898a92939495969798999aa2a3a4a5a6a7a8a9aab2b3b4b5b6b7b8b9bac2c3c4c5c6c7c8c9cad2d3d4d5d6d7d8d9dae1e2e3e4e5e6e7e8e9eaf1f2f3f4f5f6f7f8f9faffc4001f0100030101010101010101010000000000000102030405060708090a0bffc400b51100020102040403040705040400010277000102031104052131061241510761711322328108144291a1b1c109233352f0156272d10a162434e125f11718191a262728292a35363738393a434445464748494a535455565758595a636465666768696a737475767778797a82838485868788898a92939495969798999aa2a3a4a5a6a7a8a9aab2b3b4b5b6b7b8b9bac2c3c4c5c6c7c8c9cad2d3d4d5d6d7d8d9dae2e3e4e5e6e7e8e9eaf2f3f4f5f6f7f8f9faffda000c03010002110311003f00f4896ff54fedc6d334eb7d3f11daa4ed25d3b8fbcceb80147fb39fc6ace3c51ff502ff00c8e6a2b7503c733e475d362fd2593fc6ba50a2b15628c0dbe2bed26823fed9ce7ff66a5dbe2cc7fafd047fdb098ffecd5be57d2976d3b215bccc0f2fc587adde8207fd79cc7ff6a528b7f14ffd04b445fa69b29ffdac2b7b1498cf6a56048c2fb2f8a09c7f6d68ea7fec1321ff00db8a4fb178a7b7883491f4d19fff00922b7b07d6818071dfd29d8a3005878a4b73e20d30ff00dc1d87fed7a47d37c54073e23d3c0f55d20f1f9cd5bc580349bcbaf534d6808c1161e2461cf892dc7fdc257fac8697fb37c427af8a07fc074c8c7f3635bc39e940a77b89985fd95af77f15cdff0001d3a0ff000a89b4cd7048887c57a87cc7f86c2d703df94ae8c63f1a5c0cf4e695c56303fb1358efe30d4ff0b4b4ff00e354bfd89ab77f186abff80b67ff00c66b78d349a06617f62ea8179f18eadf85b59fff0019aaae9a9e99aee931b7882f6f60ba9648e48ae20b7518113b0c148d48c151deba5620ae315cfeb1c6bda01edf6a907fe4096800871ff09d3ffd8353ff004635748a3bd73717fc8f38c73fd9dffb52ba41c52403874e68a4dddbfad2f6e298c5c5145231206719a041ef5c47897e25e8fa0cb2db5bab5fde4676bc711da887d19f18cfb0cd737f127c7f3a4f2e87a4dc796146dba9d721b3fdc53dbdc8fa7ad79107cab1e98e2ad46e4b763d06f3e2deb93ee36f0595b01c7085cf5f7207e95462f89fe2a21986a312ed23e4fb346571dfb57072c847cbcfbf3444ec91671f2934dd9045b67a8d87c65d4e09d06a1636d3dbe7e6f2c6c703b91d89f6c57a9681e2bd1fc4d01934cbb5959002f13655d3eaa79c7bf4af975a4006579fe953586a173617b15e5accf05d42db9244e0a9f6ff003ed49a4099f5b646ea5f4ae4bc0de2f5f15e8de6c8a897d6e425ca2f4cf6603d1b1f810476aeacb002a6c50a4e7a5337727ad1919f7a6b75e868b020cf7fe7585ac31fedbd006320de3f3c7fcfbcb5b2e4a8f5ac4d57fe42fe1f1eb7cfff00a4f35218f8b23c6cb9ff00a071e73ff4d2ba0dd8ae7fa78d63da793a736703d245ff001ae87048cedc7b5201dd4668e69768a76053109cd737e36d79fc3de1bbabd8bfe3e0811c03fdb6e87f0196ff0080d74bed5e49f1b35155b7d32c15b2cccd33283d3a053ffa15341b1e393bb3ca4ee24924924f24f3cd469bd86304d20cf9982bc9e9ef5def8534650e934c01cf4c8e94e735057614e93a8ec8e39348bc9fe610385232090715a51e8770f00478c938e06315ebc9a542e9918e9dcd0da6234651f1c743deb9275dcb63ba9d08c773c32f34f9ed9c80a760ebed54994897d47635eb1e22d0e27462984908fbc075af2ebfb496caee4864e581cfe15bd2abccac7357a5caee8e9fe1eeba743f1759cc5ff7170c2de6c9fe1638c9fa1c1fc2be92caedaf90ad89f35707047a57d5fa3de8d4b45b3bee333c2b21fa91922b4664b62eae370247229cc79e9519424e437439a79e47bd21a237c1ac3d606356f0f9e99bf3ff00a226adb381cf71589ae1ff00898787dbfea2207e70ca28637b132285f1b43c0e74d7edff004d52ba0ac01c78de0f53a6cbff00a363ae8060d4ad8903d28a38a4ea2980115f3f7c5a99ae3c6d3a31f96086341ec31bbf9b1afa04f4af9a7c5b25ceafe32bd99b389ae5a28c1e48553b47e828434ae51d074296f996565c464fde23803be3f957a969ba708d148000c56288d74fb48d23215235007cb9381e83b9acdd5af35786d6d2ea34bb5b7bb245b90e017604765e84e78079ebc571cdbab2b1e8c631a30f33d322408bf7ba557b7d434fbf69a0b6bc8e5921389554f2bc9fcfea2b9cd2bfb5edaebec7a84a7cd8df6beee7a7bf7a6cf6ff00d88b773c70dbc73cd264344cc72a4f4c13c7e1dea1d968545732b9af7f66266519ca9ae0bc4be1b6b97692260255e81ba30f4a9f558759b0b28756926945bcf2148d5582e48f4cfe58f6356fcfba57fb35d23a5c200ccb2770464107e9d8e0fae2ad42505ce88e653f759e6725a4d6771b264c1071d6be8df86f7f1df7822c361f9a1530bafa107fa8c1fc6bc5fc5962408ae557afcac7dfb5775f06af6768ef74d7cf950959947705b83f87ca2bae12e68dce3a94f92563d7141ce3146dc1cd1f376a7f6eb9a641030e79ac1d7f0b7da1118e3534ff00d1728adf6196c62b9ff10802eb44ed8d4a3ffd01e807b163a78dedbdb4c9bff46c55be318e0d60ff00ccf1680ffd0326cffdfd86b7f1ed4ba121499393c714bda8c6298086bc77c4da1a0f14b5cae02ace1c81c7524ff3af6339ae1bc5f65b254b9f719fceb3a97e5d0e8c3db9acce78c0f30c00481518b4863dd85cb93c803ad6a5ab797b4e011574411be5dab895d3d0f4a56b6a62db69eb6fb640bb147f0a8e2a8eb07ed122ae48cf4ada9e7ccaa8d14aed901563c7033dfa5666b2126bc8556da58e3e43483185fccff2a9776c4adb135aa996d4465da2638e578c9a886906191e427716e492739ad9d3ad4cda6c7211875006ec7dea5b99711f964618569cceda99ab27a1c7f8822f374b94151b9718ad3f8476e1b50d4aed41540121419ee07354b5bc8b19c83cedce7e95d57c2ed1df4cd1774c9b6598ef3cfa8e87e95d345e8615d1e803820fe94c72c1b08808279e718e6a5c714847ad6c71903b8042eee4f415cff88b267d1b3ff4128fff00417ae8dc1dbc000d73de23e24d1b9c91a943ff00b350265823fe2b7b227be993f5ff00aeb0ff008d6fe78ac193fe477b1c7fd036e7ff0046c15bc071496c214514839cf3466980bd6b235db437166e8bc1652335ad505c2f990b03e9d4f4a4f54545d9dcf398b31b18dbef21c1c55bfb4ec8fdfa557d526b44d51843730cace32c91b862a47ae2a94d29788c6075af3e6ad23d68be68dc74ba845e715493791d4839aa7717aacea646fba38c8eb53431491a178e0e9dc0a8678e69a23e745803da85cb6d419ada66a25142e731b9e3daa4bc7572c78ac2d2d85bdd639f2f91f4353ddde050f86e077a5e488b6a35606bfbf4b75883a39224e701571cff00403eb5e9ba55b7d9ed95476503f2ae23c2779a4496e2e23bf4796438652a463071c0239fc2bbcb4bdb5930914c849ed9e6bb69d92396bcafa177b7d298d9c0c1c7ae6972318a463c56a730d66caf15cff89863fb218751a9c1fccff8d6f13c01fd2b03c4bff30927a8d4adf3c7fb58a05d0989cf8dac727fe6193ffe8d86b7eb9ecedf1ad9703034d9ff00f4645fe14df1378bec7c391f96f99ef58652dd4e3f163fc3fe78a5711d182493b7f4aa979aad8586f17377146c80164dd9619e9f28e4d78aeafe36d675677125e490c2c4e2180ec5c7e1c93f53593a6df886f55a4650927cac4fbf7fcc0ace55525a1718de5667ac5f78ef931e9d6658f4f32738ff00c7475fcc572ba9dfea3aa026f6e6495073e5f451ff00011c525b840e51f823a5589d408c85ef5c93c449ec7a74f0f4e3e673a63313c728c821b1fa1abdf6b9622a6553b73f7bb557b8460abc670c3f91abb032c90ec7008359733dcd5249d8bf6dadc312e04aa01ea09a2ef57b778d88913047404565c9a446f96118907a55297435c13f66441ea69a92b1125a8973ac43137c8d93e8bd4d529e5bab84dd30f2a2c7118fbcdf5f4abd69a7c3039f2d0171e83a558812182f239afaddae235f99620db771cf5ce08c023e871549a3393e55766b68b3d9ff0067c369a7d8c9b6255596590796a8d8e0e4e724919c0e7bd4977ad1b5bb6302c4ed1b94f223214e4e7396f4ca9cf0707b5665f6a57577fbe59e6814ee0f1090edc123b74ec39fff0055505796eaeb7ec3820297c704818e3d781cd0eaafb2717b4ec777a7f88e4754904aa8fd4c00e411d80638058f4ec4f6ae9adf59b5b8648cc8b1c8e38566ebea3f0af3156b4b281ae2e9669446c32b1b0e49f5cf007bf3f4adbbfd3af3599e6103da5cd8b625297bff002c738230d8ce3f9575529c9c6e370bea7a0670318c62b07c48095d279e0ea5067fefaae3ae2e358d2cc2ff00da4eccca1834523ec6c7b3019fcb15664d525bfbcd258cb2bc6fa8c04867242e1ba6381e95aaa89bb10e9b4ae58f1aeb773a2eb5a7cd66cab34b653c41c8e532f11c81d3b63f1af31b898c9333bbb3c8e72eee7258ff00b47b9f7aeefe2871a8e8b9c12609fa9f78ebcee627767a9c56536ef623a5c6cbf2f7ce7fcfe751ac8319cf7fce95b9e739c77f6f5a84820f4cf3502b9dce87762fec95598f9d0fca73fc4bd8ff004fc3deb65558a75c8af3ed2b503a7deacdc943c38cf507fc2bd0a091648d594e558647d2b9aa46ccf530f579e1af4332f372738e8c3229d1a30f9e33d7b56b4b682e222a83e7c703d4d451e9f233010ab316e817bd67aec745d321574db97254d2a44b72c563667c7518fc2b46e34a9ade0df22a4a42969228e502441c7cdd0e473938e062abe962ca398c0d2dd4af36153ce540aa4fcc09c1c1db856e9c1c56b1a2fae8613acada10cfa41b66da9751e61709756d82aeaac38707f8b039e3fa1aa373a830b7105c046000395fe03f5c73ff00d6adcd46f20b4d2fcb962486f33848e27deedb8e48ee402c4e073df1d715cdea96777630dbdd5e0da64e523c6769ec1bdfaf1ec69568bbf2c4e294a551f294b73dee562040d9f337fb3903a56cc2563b4b589608d1413975eac707a8feb5bfe1ed2e26f0e18cc8eeb297c36dda40ce3a6486e47b1e2b02481d6e3ca70aa60624f0416edd3ffd5fd2a7979071824ec4905932ea9e5cb0bf9b247f702f2c9dff0003c8fceb6a11a769910b208f7734241761fbbe0642ee3921f68c0c6319158297137f6ac2c6465327eebcc1d57775fd33570c7716acaf1e94932e48499eef08d8ff0060286f4efdeba283d2c5495f722d59ad8984c45c4854f98f21cb31cf5c803e9d074fad66e9cee359d363c9286feddb23900f983fc6acde4b7523c7e7b5b8f97e58ed94a2a7b65802c7dc93f5aa3603fe27da4923245fc007238fde2ff4cfe755ff002f0992f74d5f8a9ff1ff00a19ce730ce3ebcc55e7ee0b0639e8724ff005aeffe2ae0df684473fbab8c7e715706fb6253cee271815a4fe239ba1063e53dc9e9f5ff00ebd4201c601edfa7ff0058d4acea0103253f98f5a66e3fc20fb9feb50021fbd91c1f4c575de1ad4b7c5f639241bd46e8c93f797d3f0ac7d1fc3d7fae799f6645db12e5864163ce30133b8f27ae303f4aea34fb01a386413a5a1e0bdcdca61f3c7e239fe15f4039e4d2943991bd1728cb996c6f4198a259ae664b78c7cc1dc1c9e4745eadd40e3d451e7cecad0da661b3552679db024641d428078e4151d4e4e7a0e68de4c2d6265b08dae24dfb669e55cb2760e8b9c70c4f5cfcc49c7a41a28934b84cb71134b753c8499d8ab47104388f712723272474c8c014e14d44de53722eea73b43756b7900311560f9624649cbe3e7e5720b28e380ff4aaf78b6cbaa5d6db9f2ac4ca3f78a85d88721f083a9382147a753c55cbab7867390fe4db45188dd594b12c00c70c7d47527bd50d46d2ea1b686fa3b8333dd48ced84c1423be718e99e3dbda9ca564424ed736f489acae752ba9e280a4dcc8bb9572a09239c719cb01fe4d51648b5e679427c91b09207e3e723f1e437383efef5c835d5c3492a4323ac6c364841c16cf6ab56b7f35cdf476db7cd0e9e5ac7b7d17e5c01ee01ae772bbbb144f43d2ece686d210b3300ca1b6a9cafae39ff003fd327c439b5d52262a0abab3636fca4f00fe98ab5e1ad6205b55b59e5c5c464a98d811b80e723d71d0f7e2abf896eedefee6dbecd3a4d856cec6ce3257f23c1aa76e4b93ab67337cd35c4de6c44290fbfe51c0efc7d2b674fbf9e703ca9921b8240647f9d58f7280f01b18f5e9d0d5110a98df711c8c8c9ea39e95434c494de94491438194c9eac39c71d0f1f89c77e2a6936997a3563575b1225cc21e13132a1560622a4918c9c163f293c822b1ec194eb3a6e0b230bdb7e36f5fdeaff008e7f0abdafea66f35563284063076e473b4fccbc8ff648ee79cd56d363ff0089958baaaed5bdb5f983671fbe5fc47f9cd6dff2f0997c2687c59ff8fdd071ff003cee391f58abce9dd46ecf43dff1af45f8b6c04da0e3af97703ff45579c48416c0231dab59ee7291aca99ce32d9e07f9f6aec7c2be146d47cad435218b339315a8196b8c1e7a73b783d067f0ebc9e93a68d4759b3b605951e401caf500727f415e9dad584522c6b750079a35091420738030a0775e800ed9c7502a2564694e1cc4377a7db6a724f75132a4219223048bb4b4718c291cf4e3ff001c1eb572e7418b5bd934b3ce9300a15c8ca0000c86e40c6318c73c67906a4b6b9834d7db777725e88d3f7cf27cce073852debc9fc3ea2b71673fd8f2458db3c4c603f2e3278c1e09e0a90c79ef51ed11d1b2b2321b4bbbb9b46b56ba820f390872177025999b001c6dfbe46739e3a552d4ec61b49629ec5218dcec8e6924cb8e06021c927015463007e75d0463ce8f0ebb113fe59293b029278df81b874e71dbf1ac9d44ac70b4c80185a40add1802a01efc9e73ff007cd4aa8d9ac7592b95185bea7641e48c4f70ae23dc85c19980c02074ebc9e99fa5546d52040ba3dc23298e4cce57e611a8f5c0392490383c62a3bdbd9f4cb592dada4655933bf727cf1f5039c633827ffd759da4ed9669659599e49564de58e724a920927a9ce79fa54ca6a282b4925ca8b5397d63569160016163b2353c0551c0ce3f53563c29a7aff6d5db4e62996d94460a9c8decc0161ed80dcfb8a8f4b67b7b2b9bb5386276a7b9e9fe359b692dc5884b948dc79ee4472a76208ce3ae7e878e6b1849b91cb193d8eda5d2a4b6be5bc476106e3e78ce48248f99727f3c74ebf48f5a9677741247bb1bb6c870491c64123af07aff002ad5b02356b34df7697103004c6aa13231901c67f4e3f9e30fc4e904375142657da518c6bce072b9fc3f0ff01b5acae6b195998464690e24b821555c2f53838c81ec09a92ded524b8286e6352554c6d8382c481b33fdef980edc8c5581a7c1159b4b124b2b6f1080e0a6588ce47d31d0f0692d3cefed69e02ae265b79088a27d8c5b23e5523ee9380011dc7e14a9af782564b432f5a9da7bd04a18e44882c878c31c9e71f423f2a3496592f6c4b062e350b451c0007ef54ff4aafac4ed3ea127990490c9b1418e5fbe0e3bfa9ff3c74ad1d191a38ac06fc86d4ad7e5e303f7a9c8ff003dab58fc64bf84bdf17900974261d40b8ffda75e6ea6022649d995c440c67b6e1c907ea33f8d7a57c5e6f97457cf1fbf03f24ff0af2c9a4463f2e41048ae892bb3951d578134dba92fe5d55630d0daa94c938df238c63f00727f0f5ae92e607b50525b826118db31959da2e771039fbdc9e3b55dd2ed574ed061b772a6dfcb4904606436402493d4e589e3b560995e3b912dcdbfdaa5c9e65059727dbb9cf35c95e7d8eb8de103463b43369c64b2b23142bf3e0b132c8a01264dbdc648c601e483c0ae96da2023b4915a5837dba86485c3aa600c727af0cc33feed60b26b520fed3bc9cc02220c1107c382c40e17391d0139eb8addb4d915a5b5c5fc8b2c201cc929c61883c100018393dbd2a629728a2db44c9b5de489664720825514911e3eef4ea073fd318acc9f55b9b39604b185e5b86dc668dc3288df0b8fbc338e73e879e95b5a96b31699a6b5c306540c1563180ced8e00c9f407f0cfa572aba841711cb7172ec0cecc598f3b718daa3927918fd7d2a924b42e3e6636ab3c5279d1c018b4936fdece73d4e73c75391ed51b6e62a618c26d40a369e48c75a6dd3c32ead793c29b2289c88c05e849fd38ad3b455752557a0ceda871e7763a22a31bce4ae671b990db2da2fdc27818efdebb2d42dfced1acec6ca5459218d424d8ce0a8c13f8f3f9d7372da66f4209123e8c01f5f4ad1d226b8826027422224f97b064f19cf4e9554a3cb268c2bd3d79e0c97c3924b0deae9b23807ca0e9328f9a3e0301ee08ec4f71d28f105cefd7ac119156e5237cc60f1bfe5c76e9d0fe3525e06911ae238ae22bdb42640f273be23fcb039c7603dc819be209249decf5c881f3ad944572b8e319c64fe271ff00021d28df464c7469b229c5db4324f3cc5dfcfe558606f3d7a76f97a0f5abf6967336bf05c492233cf19c045c0c7b567dd86fb33cb89383b951c6d254e4e71ee307f1ac49fed37d2476d6a7cd9d955a346944781d721988038e7afb5287bb2d4525dfa8dd5ed960d56f638d3623ca64da070a58ee23f024d6be9040b6d38ed639d4edb0d838ff005a9f8561eb11cd1dfc91cacaf222c41995b393e58ff3c71e95bda62b8b0d219ae180fed1b6211b383fbe518febe9f8d6f17efb27ec9d3f8dfc3579e2d4d396c2e6da230798499cb61b705c118cfa5722df06f5a9064ea9a729f5f9cff4af54d3ff00e4136ff41fcab41bf87e95d2731e769e09f15246a8352d1c6d8d63fbb274031d31d7de92c3c0de28d3ae96e21d4f49dd9ce089307f4af421d454737f17fbc9ff00a10acfd8c25ba34756725cbd8e71b45f12bbe4be82188009fdf107ae7d3dbf2a749a47899a28e159b408d63c140b1cc7690081dfb641fc0574a7ad28e83e955eca16d88e6699c56a9e13f12eb0fbe6d47468f08506d8253807078cb7a8aa51fc3ef1124a243ae69ac770703ecb26dcfae3757a22f56a46eb43a504af62fda49753cf26f877adcf3348fade9aa5c0185b590818e9fc756adbc09adc006dd7f4e18007fc83dcf4f6f371ef5db2d20e86a7d9c16b61fb59dad738f87c09abc5379a3c43a796d8570fa53381939cf3375a7af8235b0307c4f687e7dfbbfb2d81078f49c715da2fdc1519feb56a31ec26e4dd9b39c7f0df885ee04dff0009358a301821749241fa8331f6aae9e0dd6d3701e29802b6785d280da3a71fbdec318fa0f4aea8d1dcfd2a1c637d89e677b1c67fc2bbbdeb278aae1d89c963648589ce739663ce7d73c52b7c3a964d497507f12dd1b918c38b2800e98e5718cfbe2bb01fea4fd6a33f76af962ba09b6f7390bcf86297f74f7577e26d4649df1b984102e7030380b8e80558b5f87b05b4d68cfae5ecd1dacc932c6d0403255f7805826eea3d6ba57fba29e9d6969b8ed647ffd9, '132456', '2016-07-05', NULL, 'Savithramma', '1980-01-10', 'female', 'India', 'Andhra pradesh', 'Hindu', 'Kapu', 'OC', 'Telugu', 'Rama Krishna Reddy', 'Savithramma', 'Avalahalli', 'Farmar', 'Avalahalli', '8904482025', 'Z P High School', '987654320', NULL, 'fourth', 'English', 'Mole on the right Hand', NULL, NULL, '', NULL, NULL, NULL, NULL, NULL, NULL, NULL),
(0xffd8ffe000104a46494600010101006400640000ffdb004300080606070605080707070909080a0c140d0c0b0b0c1912130f141d1a1f1e1d1a1c1c20242e2720222c231c1c2837292c30313434341f27393d38323c2e333432ffdb0043010909090c0b0c180d0d1832211c213232323232323232323232323232323232323232323232323232323232323232323232323232323232323232323232323232ffc000110800b9009003012200021101031101ffc4001f0000010501010101010100000000000000000102030405060708090a0bffc400b5100002010303020403050504040000017d01020300041105122131410613516107227114328191a1082342b1c11552d1f02433627282090a161718191a25262728292a3435363738393a434445464748494a535455565758595a636465666768696a737475767778797a838485868788898a92939495969798999aa2a3a4a5a6a7a8a9aab2b3b4b5b6b7b8b9bac2c3c4c5c6c7c8c9cad2d3d4d5d6d7d8d9dae1e2e3e4e5e6e7e8e9eaf1f2f3f4f5f6f7f8f9faffc4001f0100030101010101010101010000000000000102030405060708090a0bffc400b51100020102040403040705040400010277000102031104052131061241510761711322328108144291a1b1c109233352f0156272d10a162434e125f11718191a262728292a35363738393a434445464748494a535455565758595a636465666768696a737475767778797a82838485868788898a92939495969798999aa2a3a4a5a6a7a8a9aab2b3b4b5b6b7b8b9bac2c3c4c5c6c7c8c9cad2d3d4d5d6d7d8d9dae2e3e4e5e6e7e8e9eaf2f3f4f5f6f7f8f9faffda000c03010002110311003f00f4896ff54fedc6d334eb7d3f11daa4ed25d3b8fbcceb80147fb39fc6ace3c51ff502ff00c8e6a2b7503c733e475d362fd2593fc6ba50a2b15628c0dbe2bed26823fed9ce7ff66a5dbe2cc7fafd047fdb098ffecd5be57d2976d3b215bccc0f2fc587adde8207fd79cc7ff6a528b7f14ffd04b445fa69b29ffdac2b7b1498cf6a56048c2fb2f8a09c7f6d68ea7fec1321ff00db8a4fb178a7b7883491f4d19fff00922b7b07d6818071dfd29d8a3005878a4b73e20d30ff00dc1d87fed7a47d37c54073e23d3c0f55d20f1f9cd5bc580349bcbaf534d6808c1161e2461cf892dc7fdc257fac8697fb37c427af8a07fc074c8c7f3635bc39e940a77b89985fd95af77f15cdff0001d3a0ff000a89b4cd7048887c57a87cc7f86c2d703df94ae8c63f1a5c0cf4e695c56303fb1358efe30d4ff0b4b4ff00e354bfd89ab77f186abff80b67ff00c66b78d349a06617f62ea8179f18eadf85b59fff0019aaae9a9e99aee931b7882f6f60ba9648e48ae20b7518113b0c148d48c151deba5620ae315cfeb1c6bda01edf6a907fe4096800871ff09d3ffd8353ff004635748a3bd73717fc8f38c73fd9dffb52ba41c52403874e68a4dddbfad2f6e298c5c5145231206719a041ef5c47897e25e8fa0cb2db5bab5fde4676bc711da887d19f18cfb0cd737f127c7f3a4f2e87a4dc796146dba9d721b3fdc53dbdc8fa7ad79107cab1e98e2ad46e4b763d06f3e2deb93ee36f0595b01c7085cf5f7207e95462f89fe2a21986a312ed23e4fb346571dfb57072c847cbcfbf3444ec91671f2934dd9045b67a8d87c65d4e09d06a1636d3dbe7e6f2c6c703b91d89f6c57a9681e2bd1fc4d01934cbb5959002f13655d3eaa79c7bf4af975a4006579fe953586a173617b15e5accf05d42db9244e0a9f6ff003ed49a4099f5b646ea5f4ae4bc0de2f5f15e8de6c8a897d6e425ca2f4cf6603d1b1f810476aeacb002a6c50a4e7a5337727ad1919f7a6b75e868b020cf7fe7585ac31fedbd006320de3f3c7fcfbcb5b2e4a8f5ac4d57fe42fe1f1eb7cfff00a4f35218f8b23c6cb9ff00a071e73ff4d2ba0dd8ae7fa78d63da793a736703d245ff001ae87048cedc7b5201dd4668e69768a76053109cd737e36d79fc3de1bbabd8bfe3e0811c03fdb6e87f0196ff0080d74bed5e49f1b35155b7d32c15b2cccd33283d3a053ffa15341b1e393bb3ca4ee24924924f24f3cd469bd86304d20cf9982bc9e9ef5def8534650e934c01cf4c8e94e735057614e93a8ec8e39348bc9fe610385232090715a51e8770f00478c938e06315ebc9a542e9918e9dcd0da6234651f1c743deb9275dcb63ba9d08c773c32f34f9ed9c80a760ebed54994897d47635eb1e22d0e27462984908fbc075af2ebfb496caee4864e581cfe15bd2abccac7357a5caee8e9fe1eeba743f1759cc5ff7170c2de6c9fe1638c9fa1c1fc2be92caedaf90ad89f35707047a57d5fa3de8d4b45b3bee333c2b21fa91922b4664b62eae370247229cc79e9519424e437439a79e47bd21a237c1ac3d606356f0f9e99bf3ff00a226adb381cf71589ae1ff00898787dbfea2207e70ca28637b132285f1b43c0e74d7edff004d52ba0ac01c78de0f53a6cbff00a363ae8060d4ad8903d28a38a4ea2980115f3f7c5a99ae3c6d3a31f96086341ec31bbf9b1afa04f4af9a7c5b25ceafe32bd99b389ae5a28c1e48553b47e828434ae51d074296f996565c464fde23803be3f957a969ba708d148000c56288d74fb48d23215235007cb9381e83b9acdd5af35786d6d2ea34bb5b7bb245b90e017604765e84e78079ebc571cdbab2b1e8c631a30f33d322408bf7ba557b7d434fbf69a0b6bc8e5921389554f2bc9fcfea2b9cd2bfb5edaebec7a84a7cd8df6beee7a7bf7a6cf6ff00d88b773c70dbc73cd264344cc72a4f4c13c7e1dea1d968545732b9af7f66266519ca9ae0bc4be1b6b97692260255e81ba30f4a9f558759b0b28756926945bcf2148d5582e48f4cfe58f6356fcfba57fb35d23a5c200ccb2770464107e9d8e0fae2ad42505ce88e653f759e6725a4d6771b264c1071d6be8df86f7f1df7822c361f9a1530bafa107fa8c1fc6bc5fc5962408ae557afcac7dfb5775f06af6768ef74d7cf950959947705b83f87ca2bae12e68dce3a94f92563d7141ce3146dc1cd1f376a7f6eb9a641030e79ac1d7f0b7da1118e3534ff00d1728adf6196c62b9ff10802eb44ed8d4a3ffd01e807b163a78dedbdb4c9bff46c55be318e0d60ff00ccf1680ffd0326cffdfd86b7f1ed4ba121499393c714bda8c6298086bc77c4da1a0f14b5cae02ace1c81c7524ff3af6339ae1bc5f65b254b9f719fceb3a97e5d0e8c3db9acce78c0f30c00481518b4863dd85cb93c803ad6a5ab797b4e011574411be5dab895d3d0f4a56b6a62db69eb6fb640bb147f0a8e2a8eb07ed122ae48cf4ada9e7ccaa8d14aed901563c7033dfa5666b2126bc8556da58e3e43483185fccff2a9776c4adb135aa996d4465da2638e578c9a886906191e427716e492739ad9d3ad4cda6c7211875006ec7dea5b99711f964618569cceda99ab27a1c7f8822f374b94151b9718ad3f8476e1b50d4aed41540121419ee07354b5bc8b19c83cedce7e95d57c2ed1df4cd1774c9b6598ef3cfa8e87e95d345e8615d1e803820fe94c72c1b08808279e718e6a5c714847ad6c71903b8042eee4f415cff88b267d1b3ff4128fff00417ae8dc1dbc000d73de23e24d1b9c91a943ff00b350265823fe2b7b227be993f5ff00aeb0ff008d6fe78ac193fe477b1c7fd036e7ff0046c15bc071496c214514839cf3466980bd6b235db437166e8bc1652335ad505c2f990b03e9d4f4a4f54545d9dcf398b31b18dbef21c1c55bfb4ec8fdfa557d526b44d51843730cace32c91b862a47ae2a94d29788c6075af3e6ad23d68be68dc74ba845e715493791d4839aa7717aacea646fba38c8eb53431491a178e0e9dc0a8678e69a23e745803da85cb6d419ada66a25142e731b9e3daa4bc7572c78ac2d2d85bdd639f2f91f4353ddde050f86e077a5e488b6a35606bfbf4b75883a39224e701571cff00403eb5e9ba55b7d9ed95476503f2ae23c2779a4496e2e23bf4796438652a463071c0239fc2bbcb4bdb5930914c849ed9e6bb69d92396bcafa177b7d298d9c0c1c7ae6972318a463c56a730d66caf15cff89863fb218751a9c1fccff8d6f13c01fd2b03c4bff30927a8d4adf3c7fb58a05d0989cf8dac727fe6193ffe8d86b7eb9ecedf1ad9703034d9ff00f4645fe14df1378bec7c391f96f99ef58652dd4e3f163fc3fe78a5711d182493b7f4aa979aad8586f17377146c80164dd9619e9f28e4d78aeafe36d675677125e490c2c4e2180ec5c7e1c93f53593a6df886f55a4650927cac4fbf7fcc0ace55525a1718de5667ac5f78ef931e9d6658f4f32738ff00c7475fcc572ba9dfea3aa026f6e6495073e5f451ff00011c525b840e51f823a5589d408c85ef5c93c449ec7a74f0f4e3e673a63313c728c821b1fa1abdf6b9622a6553b73f7bb557b8460abc670c3f91abb032c90ec7008359733dcd5249d8bf6dadc312e04aa01ea09a2ef57b778d88913047404565c9a446f96118907a55297435c13f66441ea69a92b1125a8973ac43137c8d93e8bd4d529e5bab84dd30f2a2c7118fbcdf5f4abd69a7c3039f2d0171e83a558812182f239afaddae235f99620db771cf5ce08c023e871549a3393e55766b68b3d9ff0067c369a7d8c9b6255596590796a8d8e0e4e724919c0e7bd4977ad1b5bb6302c4ed1b94f223214e4e7396f4ca9cf0707b5665f6a57577fbe59e6814ee0f1090edc123b74ec39fff0055505796eaeb7ec3820297c704818e3d781cd0eaafb2717b4ec777a7f88e4754904aa8fd4c00e411d80638058f4ec4f6ae9adf59b5b8648cc8b1c8e38566ebea3f0af3156b4b281ae2e9669446c32b1b0e49f5cf007bf3f4adbbfd3af3599e6103da5cd8b625297bff002c738230d8ce3f9575529c9c6e370bea7a0670318c62b07c48095d279e0ea5067fefaae3ae2e358d2cc2ff00da4eccca1834523ec6c7b3019fcb15664d525bfbcd258cb2bc6fa8c04867242e1ba6381e95aaa89bb10e9b4ae58f1aeb773a2eb5a7cd66cab34b653c41c8e532f11c81d3b63f1af31b898c9333bbb3c8e72eee7258ff00b47b9f7aeefe2871a8e8b9c12609fa9f78ebcee627767a9c56536ef623a5c6cbf2f7ce7fcfe751ac8319cf7fce95b9e739c77f6f5a84820f4cf3502b9dce87762fec95598f9d0fca73fc4bd8ff004fc3deb65558a75c8af3ed2b503a7deacdc943c38cf507fc2bd0a091648d594e558647d2b9aa46ccf530f579e1af4332f372738e8c3229d1a30f9e33d7b56b4b682e222a83e7c703d4d451e9f233010ab316e817bd67aec745d321574db97254d2a44b72c563667c7518fc2b46e34a9ade0df22a4a42969228e502441c7cdd0e473938e062abe962ca398c0d2dd4af36153ce540aa4fcc09c1c1db856e9c1c56b1a2fae8613acada10cfa41b66da9751e61709756d82aeaac38707f8b039e3fa1aa373a830b7105c046000395fe03f5c73ff00d6adcd46f20b4d2fcb962486f33848e27deedb8e48ee402c4e073df1d715cdea96777630dbdd5e0da64e523c6769ec1bdfaf1ec69568bbf2c4e294a551f294b73dee562040d9f337fb3903a56cc2563b4b589608d1413975eac707a8feb5bfe1ed2e26f0e18cc8eeb297c36dda40ce3a6486e47b1e2b02481d6e3ca70aa60624f0416edd3ffd5fd2a7979071824ec4905932ea9e5cb0bf9b247f702f2c9dff0003c8fceb6a11a769910b208f7734241761fbbe0642ee3921f68c0c6319158297137f6ac2c6465327eebcc1d57775fd33570c7716acaf1e94932e48499eef08d8ff0060286f4efdeba283d2c5495f722d59ad8984c45c4854f98f21cb31cf5c803e9d074fad66e9cee359d363c9286feddb23900f983fc6acde4b7523c7e7b5b8f97e58ed94a2a7b65802c7dc93f5aa3603fe27da4923245fc007238fde2ff4cfe755ff002f0992f74d5f8a9ff1ff00a19ce730ce3ebcc55e7ee0b0639e8724ff005aeffe2ae0df684473fbab8c7e715706fb6253cee271815a4fe239ba1063e53dc9e9f5ff00ebd4201c601edfa7ff0058d4acea0103253f98f5a66e3fc20fb9feb50021fbd91c1f4c575de1ad4b7c5f639241bd46e8c93f797d3f0ac7d1fc3d7fae799f6645db12e5864163ce30133b8f27ae303f4aea34fb01a386413a5a1e0bdcdca61f3c7e239fe15f4039e4d2943991bd1728cb996c6f4198a259ae664b78c7cc1dc1c9e4745eadd40e3d451e7cecad0da661b3552679db024641d428078e4151d4e4e7a0e68de4c2d6265b08dae24dfb669e55cb2760e8b9c70c4f5cfcc49c7a41a28934b84cb71134b753c8499d8ab47104388f712723272474c8c014e14d44de53722eea73b43756b7900311560f9624649cbe3e7e5720b28e380ff4aaf78b6cbaa5d6db9f2ac4ca3f78a85d88721f083a9382147a753c55cbab7867390fe4db45188dd594b12c00c70c7d47527bd50d46d2ea1b686fa3b8333dd48ced84c1423be718e99e3dbda9ca564424ed736f489acae752ba9e280a4dcc8bb9572a09239c719cb01fe4d51648b5e679427c91b09207e3e723f1e437383efef5c835d5c3492a4323ac6c364841c16cf6ab56b7f35cdf476db7cd0e9e5ac7b7d17e5c01ee01ae772bbbb144f43d2ece686d210b3300ca1b6a9cafae39ff003fd327c439b5d52262a0abab3636fca4f00fe98ab5e1ad6205b55b59e5c5c464a98d811b80e723d71d0f7e2abf896eedefee6dbecd3a4d856cec6ce3257f23c1aa76e4b93ab67337cd35c4de6c44290fbfe51c0efc7d2b674fbf9e703ca9921b8240647f9d58f7280f01b18f5e9d0d5110a98df711c8c8c9ea39e95434c494de94491438194c9eac39c71d0f1f89c77e2a6936997a3563575b1225cc21e13132a1560622a4918c9c163f293c822b1ec194eb3a6e0b230bdb7e36f5fdeaff008e7f0abdafea66f35563284063076e473b4fccbc8ff648ee79cd56d363ff0089958baaaed5bdb5f983671fbe5fc47f9cd6dff2f0997c2687c59ff8fdd071ff003cee391f58abce9dd46ecf43dff1af45f8b6c04da0e3af97703ff45579c48416c0231dab59ee7291aca99ce32d9e07f9f6aec7c2be146d47cad435218b339315a8196b8c1e7a73b783d067f0ebc9e93a68d4759b3b605951e401caf500727f415e9dad584522c6b750079a35091420738030a0775e800ed9c7502a2564694e1cc4377a7db6a724f75132a4219223048bb4b4718c291cf4e3ff001c1eb572e7418b5bd934b3ce9300a15c8ca0000c86e40c6318c73c67906a4b6b9834d7db777725e88d3f7cf27cce073852debc9fc3ea2b71673fd8f2458db3c4c603f2e3278c1e09e0a90c79ef51ed11d1b2b2321b4bbbb9b46b56ba820f390872177025999b001c6dfbe46739e3a552d4ec61b49629ec5218dcec8e6924cb8e06021c927015463007e75d0463ce8f0ebb113fe59293b029278df81b874e71dbf1ac9d44ac70b4c80185a40add1802a01efc9e73ff007cd4aa8d9ac7592b95185bea7641e48c4f70ae23dc85c19980c02074ebc9e99fa5546d52040ba3dc23298e4cce57e611a8f5c0392490383c62a3bdbd9f4cb592dada4655933bf727cf1f5039c633827ffd759da4ed9669659599e49564de58e724a920927a9ce79fa54ca6a282b4925ca8b5397d63569160016163b2353c0551c0ce3f53563c29a7aff6d5db4e62996d94460a9c8decc0161ed80dcfb8a8f4b67b7b2b9bb5386276a7b9e9fe359b692dc5884b948dc79ee4472a76208ce3ae7e878e6b1849b91cb193d8eda5d2a4b6be5bc476106e3e78ce48248f99727f3c74ebf48f5a9677741247bb1bb6c870491c64123af07aff002ad5b02356b34df7697103004c6aa13231901c67f4e3f9e30fc4e904375142657da518c6bce072b9fc3f0ff01b5acae6b195998464690e24b821555c2f53838c81ec09a92ded524b8286e6352554c6d8382c481b33fdef980edc8c5581a7c1159b4b124b2b6f1080e0a6588ce47d31d0f0692d3cefed69e02ae265b79088a27d8c5b23e5523ee9380011dc7e14a9af782564b432f5a9da7bd04a18e44882c878c31c9e71f423f2a3496592f6c4b062e350b451c0007ef54ff4aafac4ed3ea127990490c9b1418e5fbe0e3bfa9ff3c74ad1d191a38ac06fc86d4ad7e5e303f7a9c8ff003dab58fc64bf84bdf17900974261d40b8ffda75e6ea6022649d995c440c67b6e1c907ea33f8d7a57c5e6f97457cf1fbf03f24ff0af2c9a4463f2e41048ae892bb3951d578134dba92fe5d55630d0daa94c938df238c63f00727f0f5ae92e607b50525b826118db31959da2e771039fbdc9e3b55dd2ed574ed061b772a6dfcb4904606436402493d4e589e3b560995e3b912dcdbfdaa5c9e65059727dbb9cf35c95e7d8eb8de103463b43369c64b2b23142bf3e0b132c8a01264dbdc648c601e483c0ae96da2023b4915a5837dba86485c3aa600c727af0cc33feed60b26b520fed3bc9cc02220c1107c382c40e17391d0139eb8addb4d915a5b5c5fc8b2c201cc929c61883c100018393dbd2a629728a2db44c9b5de489664720825514911e3eef4ea073fd318acc9f55b9b39604b185e5b86dc668dc3288df0b8fbc338e73e879e95b5a96b31699a6b5c306540c1563180ced8e00c9f407f0cfa572aba841711cb7172ec0cecc598f3b718daa3927918fd7d2a924b42e3e6636ab3c5279d1c018b4936fdece73d4e73c75391ed51b6e62a618c26d40a369e48c75a6dd3c32ead793c29b2289c88c05e849fd38ad3b455752557a0ceda871e7763a22a31bce4ae671b990db2da2fdc27818efdebb2d42dfced1acec6ca5459218d424d8ce0a8c13f8f3f9d7372da66f4209123e8c01f5f4ad1d226b8826027422224f97b064f19cf4e9554a3cb268c2bd3d79e0c97c3924b0deae9b23807ca0e9328f9a3e0301ee08ec4f71d28f105cefd7ac119156e5237cc60f1bfe5c76e9d0fe3525e06911ae238ae22bdb42640f273be23fcb039c7603dc819be209249decf5c881f3ad944572b8e319c64fe271ff00021d28df464c7469b229c5db4324f3cc5dfcfe558606f3d7a76f97a0f5abf6967336bf05c492233cf19c045c0c7b567dd86fb33cb89383b951c6d254e4e71ee307f1ac49fed37d2476d6a7cd9d955a346944781d721988038e7afb5287bb2d4525dfa8dd5ed960d56f638d3623ca64da070a58ee23f024d6be9040b6d38ed639d4edb0d838ff005a9f8561eb11cd1dfc91cacaf222c41995b393e58ff3c71e95bda62b8b0d219ae180fed1b6211b383fbe518febe9f8d6f17efb27ec9d3f8dfc3579e2d4d396c2e6da230798499cb61b705c118cfa5722df06f5a9064ea9a729f5f9cff4af54d3ff00e4136ff41fcab41bf87e95d2731e769e09f15246a8352d1c6d8d63fbb274031d31d7de92c3c0de28d3ae96e21d4f49dd9ce089307f4af421d454737f17fbc9ff00a10acfd8c25ba34756725cbd8e71b45f12bbe4be82188009fdf107ae7d3dbf2a749a47899a28e159b408d63c140b1cc7690081dfb641fc0574a7ad28e83e955eca16d88e6699c56a9e13f12eb0fbe6d47468f08506d8253807078cb7a8aa51fc3ef1124a243ae69ac770703ecb26dcfae3757a22f56a46eb43a504af62fda49753cf26f877adcf3348fade9aa5c0185b590818e9fc756adbc09adc006dd7f4e18007fc83dcf4f6f371ef5db2d20e86a7d9c16b61fb59dad738f87c09abc5379a3c43a796d8570fa53381939cf3375a7af8235b0307c4f687e7dfbbfb2d81078f49c715da2fdc1519feb56a31ec26e4dd9b39c7f0df885ee04dff0009358a301821749241fa8331f6aae9e0dd6d3701e29802b6785d280da3a71fbdec318fa0f4aea8d1dcfd2a1c637d89e677b1c67fc2bbbdeb278aae1d89c963648589ce739663ce7d73c52b7c3a964d497507f12dd1b918c38b2800e98e5718cfbe2bb01fea4fd6a33f76af962ba09b6f7390bcf86297f74f7577e26d4649df1b984102e7030380b8e80558b5f87b05b4d68cfae5ecd1dacc932c6d0403255f7805826eea3d6ba57fba29e9d6969b8ed647ffd9, '88776655', '2016-07-06', NULL, 'Test Female', '1990-01-01', 'female', 'India', 'Andhra Pradesh', 'Hindu', 'Kapu', 'OC', 'Telugu', 'Test Father', 'Test Mother', 'Avalahalli', 'Farmer', 'Avalahalli', '8904482025', 'Z P High School', '98576546', '2016-07-05', 'ukg', 'English', 'Mole on the RIght hand', NULL, NULL, '', NULL, NULL, NULL, NULL, NULL, NULL, NULL);
INSERT INTO `student` (`PHOTO`, `ADMISSION_NUMBER`, `DOJ`, `CURRENT_ACADAMIC_YEAR`, `STUDENT_NAME`, `DOB`, `GENDER`, `NATIONALITY`, `STATE`, `RELIGION`, `CASTE`, `CASTE_CATEGORY`, `MOTHER_TOUNGE`, `FATHER_NAME`, `MOTHER_NAME`, `RESIDENCE`, `FATHER_OCCUPATION`, `FATHER_RESIDENCE`, `PHONE_NUMBER`, `SCHOOLS_PREVIOUS`, `TC_NUMBER`, `TC_DATE`, `CLASS_ADMITTED`, `MEDIUM`, `IDENTITY_MARKS`, `BRANCH`, `CREATION_DATE`, `CREATED_BY`, `UPDATED_DATE`, `UPDATED_BY`, `ATTRIBUTE1`, `ATTRIBUTE2`, `ATTRIBUTE3`, `ATTRIBUTE4`, `ATTRIBUTE5`) VALUES
(0xffd8ffe000104a46494600010101006400640000ffdb004300080606070605080707070909080a0c140d0c0b0b0c1912130f141d1a1f1e1d1a1c1c20242e2720222c231c1c2837292c30313434341f27393d38323c2e333432ffdb0043010909090c0b0c180d0d1832211c213232323232323232323232323232323232323232323232323232323232323232323232323232323232323232323232323232ffc000110800a9008103012200021101031101ffc4001f0000010501010101010100000000000000000102030405060708090a0bffc400b5100002010303020403050504040000017d01020300041105122131410613516107227114328191a1082342b1c11552d1f02433627282090a161718191a25262728292a3435363738393a434445464748494a535455565758595a636465666768696a737475767778797a838485868788898a92939495969798999aa2a3a4a5a6a7a8a9aab2b3b4b5b6b7b8b9bac2c3c4c5c6c7c8c9cad2d3d4d5d6d7d8d9dae1e2e3e4e5e6e7e8e9eaf1f2f3f4f5f6f7f8f9faffc4001f0100030101010101010101010000000000000102030405060708090a0bffc400b51100020102040403040705040400010277000102031104052131061241510761711322328108144291a1b1c109233352f0156272d10a162434e125f11718191a262728292a35363738393a434445464748494a535455565758595a636465666768696a737475767778797a82838485868788898a92939495969798999aa2a3a4a5a6a7a8a9aab2b3b4b5b6b7b8b9bac2c3c4c5c6c7c8c9cad2d3d4d5d6d7d8d9dae2e3e4e5e6e7e8e9eaf2f3f4f5f6f7f8f9faffda000c03010002110311003f005f8a9143378e6532451b95b68865941fef1feb5c47d9adc71f6787fefd8aedfe261ff8ae2ebfeb8c5fcab8dcd71d56f98f6707469ca92728a6c8bc8b7ff9f78bfef814e5820ed047ff007c8a777a3dab3bb3abd8d3fe55f70df2a1cf1120fa0a70451d063e8c697bf1504f72b0f0796ec29abdf42654e8c55e497dc58048e43c831e921ff1a6b5f6c38fb5cc0fb4cffe3596f73248796c0f4151b0cf2056ea949eecf3ea62a8dfdc827f23586a920e97d75f85c49fe35347aa5c9fb9a9defe17720feb5cf743de8e4720e3e94dd37d1911c542fef535f71d42ea7a983c6aba90fa5f4bff00c5548359d617eeeb5ab8fa6a33ff00f175cfdb6a0570b2f2beb5a8ac9228643c1ac25cf1dd9e8d1587acaf18afb91786bfadff00d07759ff00c194ff00fc5d2ffc241ad8ff0098eeb3ff008329ff00f8baa38e69a579a5cf2ee6df56a3fcabee343fe121d73fe83bac7fe0c67ffe2e9cbe22d77b6bfac7e37f29fe6d596460d397ad1cf2ee2fab52fe546cff00c245af7fd07f56ff00c0c7ff001a2b3b68a2ab9a5dc8fabd3fe54751f12ffe479beff722ff00d00571f5d77c4839f1d6a1feec5ffa02d723454f889c17f050da3be297238a435074b2b5d5cf9636a1f9bb9f4acdce4e49c93dcd3a4cb3b6ee49353d9e9f35dcbb5570bea6baa294637678388ab3ad3b22003b9c7e352aa3ca7e489989f415da699a0c5022b3461e5edbf9c57496fa1c24067e5bd00000acde2174438e15fda67939b4989c18181f7153ae9577226553e502bd6c6830c83945c7d29ada244a9b7385ef818a975a5d11a2c343a9e45268f78b1f9862cae33c5456772d0bed3cafbd7a7dd58a2c45554600c62bce755b3fb35e3e170a4f1453abed1f2c8254dd1f7e0cd0570ca08e94a4d53b072d0f3daad93cd6725caec7b3467ed20a5dc08e68039a4cf34a3a8a93464fcd1471eb455dccce93e231ff008aef53f6f287fe435ae48d757f114e7c77aa7b18ff00f45257275553e239b07fc1428a43d09a05392291dbe452df415074dccc8515ee883d335dae9564912ab15ea2b9ab2b23fdaa15d4af3dc575e37042a840c773daaea4ae923ca843966d9b76b1213818ada82d7680412735c22b4f04a0aeaa8c4f3e4e3f5cd74da4eaf2e5619cfcddb2319acf634bb3a2111db85aab7804698761f9d3ee6f4db405c9c022b94d4677bb5632cb243113cb6327f014db27525ba752eca1d4fd0d717af45197e7ae7f3ae8a2b6b58cab5bdd48e4af02552a587b0358de20b7ca1651c8f6f6a21a4ae39eb1b1896aa04781daa46352db6937ab6824f29953191bb826ab9273cd137791dd8776a490ecd2a9e6999a72fbd4a366f42c7e3fa5149934556846a745f10ce7c77ab7fbd1ff00e8a4ae5bdaba4f1fff00c8f3ac7fd755ff00d1695cd03573f88e6c2ff090b5b7a4428f6b231cee5718c1fa56183cd6be8b2e0ca9df2187be2a25b1b4af62f5cc31ff006842c873853927ad6a35b4724437720f51eb545f715562a721b83eb5a3036500ea71509b68e46acc916ca3b9f277a61621b40538047a1ab377229930aaa18b6ef94602d3a042dc03cd453c7fe93e58e7fbd8aabb6896acc7cacef12067cf7c1352c88b7d6ecac0618e48ee31e94ebcb748e14746e4fa53ad57fd1f7a363d47a528ab032a4902b24516d1e5c43e419ce2b0b5c4511f1d0104e0574d2bf96c7201c8eb5837bb25ba4475241cf03bd17d4690fb78a29921dd965607a9ae32e76fda65d9f7779c7d335d6dc39b1d2cc9901a35217fde3c571ac49639a4b53a690a0d3d793510a7af5e2a91bb7a136e1e9453723d28a2c47323a0f1c9ff008adb5827fe7b8ffd016b9b15d0f8d5b778cf593ff4f247fe3a2b0071573f88e7c2ff000909562d6e1ade75917b751ed55fbd28ce78a93a923af69e39ad91d19761e801a9a23803d6b97b0576b950a8cc0024ed04e07ad74513fca3352d58e4ab1e566cdbcaa8c3273c532e218ae260ec390770e48c11df8aa05d87dd3d7814f863ba66c6003dbbd38a316db64f388eeb3e64d2b089feea314048f5c75abd04b1a41b739ef9aa3243764138403b91dcfe551c7e7a9db26003e954d136712ddc3f19078aca62bf6c4e47356a57e02e7a76ae6b5d989017be7d7d2b3b1a47de7617c43a92dc4e2de160638c7cc57bb561646693bf6a5c55247645595841d69e9d69bde9c9d698c7fe3454745320e83c604b78bb593e976e2b088f7adcf159cf8b7593ff004f927f3ac4c554fe233c37f09083de9ca3269cb1b3b04546663d155724fe15d4787fc21a85eea76c2f6ce682ccb83234a3692bd4e01e79c63a5118393d0de75230579166cf4d3a5f81f51d4a45db3dca2a26e18217208fcf83f80aa48e1d1587f10ed5ddf8dadbfe288611c602bca480a3181d0571096fb6250bc0038ad6b251491e4c2acaacdc996ad8918cf5ad5b781a51c363358716e46eb822b520bb2831922b0b7535341ec64897e59323dea8ca31915336a25948dddbd2a94929233ebeb4ed715caf27524f4e95435dd0e46d1e0d5a1dee80949971c2fcdc11fa56a792ce03370074aecbc3f62b2787248e58f7c646f68dc7de46041fc306b5a5052d0895574ed23c3c8c76a3a5761adf80f53b2b895ec616bbb5c92a23e6451e8571ce3dab94785e39191d595d7ef291823ea3b7e359ca0e2f53d0a75635168c8bbd393ef51b69ca0eea93522fc3f5a28c8f5a2820ea35ab1b9d43c61abc5696f2cf21be9be58d7763e73d71d3f1ae8b46f86575315935398443a9821396fc4e303f5aeefc37046d16a0db70c6faed9b6800b7efdc727af6adcddb6e63882e23f2b790bd2bb55257bb3c6faece30508e963174cf0b69da545b6dedd10f7f2c65cfd58f3561218449314882f968c72189ed576493cd36b1eec6f639038e82abed586c6f24660a3852c4e075ad9688e294e52777a95759b04bfd062b493a3c44fd0e383f9e2bcde3b768d9a19170e8c5187b838af4b9b55d32ea48ed2defe096754c7968f9271d467a74cd72fad5885bff00b52f49cb6e1fdd61d3f318fc8d73e22378dceac34ed369f539f92cc85dd8e288848a701735b3085dbe5b004537ec4bbb08f8cf63d2b8133d033983918d9f9d3638373e5c6e3e83b5699b151f7a607d852b22c10fc83f13d69dda1142485e664b74fbf2b04007bf15e93696a8ab0a8184920f2c81db031fcab87d161f375a81d87cb19dc4fd78af448d7cb42bde36c8fa576619595ce2c5cb548cd64611abe30c9f2363b9155b50f0ee8de20887daada26971c3e36b0fa30e7f0ad931e66b88bfbe048bf5154edf16f3947190d82a0f4c574e8f739549c5dd1e69acfc2dbdb6dcfa5cc2e5073e4ca76c98f63d0fe95c2dc595c58dd182eade582553ca48a54feb5f4a0eae88c1d5300abf6fa1aa9a8697a76b117d9efada3987f7650370fa1ae79d18bd51dd4f1f38e93d4f97727d68a97ca1fedffdf47fc68ac3d99d1f5d8763e8ef0ce3ecda837fd3e5dffe944b5b247fa42fbc06b13c307fe25f78dfdfbcbb3ff9332d6ee337adfecc38aef4790f7294f11fb65bb4631b232d58fa8590bb32493799e5852ca85b8040e481f5ae8b6e2e6dc7ac6c2ab5f45e65922a83bd81518faf3549f4219cfda6936f6d6e2ec28de1c127f9d6b5ed94134856425b746ad85f6e3f3a6c96cf1695ebf381562559165999472b11ce47078a72498e326b5393bbd3a7b2b8f9d1b6127649d437ff005fda97cb0c99fceba98ae15add05c2ba8917ba87423d39ae7b54b392c1dae21db25a336095cfeecfa1cf415c1570fcbaa3d1a38952f75912428a3735472c226e00c8cf031d6a9fdb703dcf4ad8b51259aa916de7dd6794270b18f7f7aca14f9dd8daacd415d9a7a668f15a432990e6629b98e7a1f4a7f88ee9ce8ccb116124d1afdd6c11c83fc854d19be95e6596085488fa8cf423de991698d25e7ef8e54c3c66bd08c12563cb9c9c9dd993a73ea36e96d20bb95cb21e256dff00ceb5bed066102ca9b64248057a62b41ad23c5aa85c6188e2ab4f06c8e00471e763f0ad34640eb49d8c972b27def94d597c1bcb8dc33b5548f6a89a2ff4b1b579311dc7de9ece37cb27f7adc9352c7d4f95bccf63f9d14983fdda2b9accd0fa53c2633a54c7b1b8bb23ff000224add4e6e6e1bfd951fa561f84bfe406c47f7ee31ff7fa4adb879339fa0fd2b7e843dc7e07daa21dd633485429b71e8c714fc7fa5b1f48f148f9f36dc7d7f95021b3a2f92571c6fa74a9c4c7ae632289ff00d51ff7ea47fbaffeed1763b1523b7592d61461d508fa544d6626d39a22aa4bae791d7d41abb0f3145f4a8e225625247dd7208a7715acce62d7c3a967a979ecfe72f06dd49cf27b9fa76ae82d6d12dfed2319cb0e48a9ede22103b205666e07a0a727fcbc7fbf52acb4454a7297c4371fe953ff00d73a51ff001f717bc669d8ff004a907fb1411fe9301ff648a621b27dd84fa494970a0c6b91d25069d2ff00ab8fda4149383e53ff00b2e0feb421119057534c7dd607f9545728b0c32be70a6275fd33575d46f3237f07cd599ad3674a9883f2957391e9b4d03ea7ccff00669bfb945741e44dfdcfd28acb99147b4f83ce7c3f1fb873f9c8d5bd18c19c0fef0fe5583e0f43ff0008cdb37f7a25fd49cd6fa7df9b1fde03f415ab25ee28e6ea6e7a2814ad83730fb2934d5ff8f8b8fc29dff2f8bed1d0024f8f2d73ddc54921f964ff0076a297eec23d5e9f2ffab9be94862c43e48bfdda8adf94cfac84d4b1fdc8ff00ddfe9515af31a9ff0068d022647f3115bdea38ff00e5b7fbd496e7f72bfef9fe74e4eb37fbd4805c7fa4c9fee50dfeba03f5a3fe5e5bdd291f9784fb9a60367ff543da414b71fea64ff787f3a6dc7dcffb68296e788653f43400e98feea61fece2b235cc8d0eeb030a96ce49f7286b52e4e209be82b33c4884e877cd9c2a5ab961ff00016c53423ccbca4feefe94569f949457372b343a3d0efb51d2b4482c6e3c35ac996340acd1ac0cb907a8fdef23f0ad08f5e9d5a42fe1dd746e7ddff1ef19ec3d24ae8c7dc141eb5b5c5639c1e2065794b685ae0df8ff00973071f9352ffc24abf68f30e8dae81b718fecf63fcaba35e9f8d2f6a698ac8e65fc4f0131674ad706d393ff0012b94ff21449e2db368dd7fb3b5d05bd748b8ffe22ba53d17eb4abd3f1a774b429247369e2cb1ca8fb0eb980b827fb1aebff008dd16fe26b148d435aeb208249ff008935dfff001bae93d29dfe349b7d05a5ce6a2f13e9f1c403c3aaa90d9e748bb1ff00b4e9078b349532ee6be5dc723769b723ff0069d74a3a7e34ea5760d1cb7fc265a1fda439b9b80bb31cd8ce39ff00be286f18e825a2ff004d71b58e736d28ff00d92ba9a5a94e57d412390bcf1b6831a0c5dc9265c1c476f21c0f7e2a59fc63e1d786503558464701830fe62ba9341e9569bb136d4e4ee7c65e1b31ca3fb76c464281ba5c7f3aa7e21f17f8725d07538e1d7b4d791ed995116e53731da78033c9aee3b527ff005e8b8ec79afd8dff00ba3f3a2bd328a82cffd9, '88776656', '2016-07-06', NULL, 'Test Female', '1990-01-01', 'female', 'India', 'Andhra Pradesh', 'Hindu', 'Kapu', 'OC', 'Telugu', 'Test Father', 'Test Mother', 'Avalahalli', 'Farmer', 'Avalahalli', '8904482025', 'Z P High School', '98576546', '2016-07-05', 'ukg', 'English', 'Mole on the RIght hand', NULL, NULL, '', NULL, NULL, NULL, NULL, NULL, NULL, NULL),
(0xffd8ffe000104a46494600010101006400640000ffdb004300080606070605080707070909080a0c140d0c0b0b0c1912130f141d1a1f1e1d1a1c1c20242e2720222c231c1c2837292c30313434341f27393d38323c2e333432ffdb0043010909090c0b0c180d0d1832211c213232323232323232323232323232323232323232323232323232323232323232323232323232323232323232323232323232ffc000110800a9008103012200021101031101ffc4001f0000010501010101010100000000000000000102030405060708090a0bffc400b5100002010303020403050504040000017d01020300041105122131410613516107227114328191a1082342b1c11552d1f02433627282090a161718191a25262728292a3435363738393a434445464748494a535455565758595a636465666768696a737475767778797a838485868788898a92939495969798999aa2a3a4a5a6a7a8a9aab2b3b4b5b6b7b8b9bac2c3c4c5c6c7c8c9cad2d3d4d5d6d7d8d9dae1e2e3e4e5e6e7e8e9eaf1f2f3f4f5f6f7f8f9faffc4001f0100030101010101010101010000000000000102030405060708090a0bffc400b51100020102040403040705040400010277000102031104052131061241510761711322328108144291a1b1c109233352f0156272d10a162434e125f11718191a262728292a35363738393a434445464748494a535455565758595a636465666768696a737475767778797a82838485868788898a92939495969798999aa2a3a4a5a6a7a8a9aab2b3b4b5b6b7b8b9bac2c3c4c5c6c7c8c9cad2d3d4d5d6d7d8d9dae2e3e4e5e6e7e8e9eaf2f3f4f5f6f7f8f9faffda000c03010002110311003f005f8a9143378e6532451b95b68865941fef1feb5c47d9adc71f6787fefd8aedfe261ff8ae2ebfeb8c5fcab8dcd71d56f98f6707469ca92728a6c8bc8b7ff9f78bfef814e5820ed047ff007c8a777a3dab3bb3abd8d3fe55f70df2a1cf1120fa0a70451d063e8c697bf1504f72b0f0796ec29abdf42654e8c55e497dc58048e43c831e921ff1a6b5f6c38fb5cc0fb4cffe3596f73248796c0f4151b0cf2056ea949eecf3ea62a8dfdc827f23586a920e97d75f85c49fe35347aa5c9fb9a9defe17720feb5cf743de8e4720e3e94dd37d1911c542fef535f71d42ea7a983c6aba90fa5f4bff00c5548359d617eeeb5ab8fa6a33ff00f175cfdb6a0570b2f2beb5a8ac9228643c1ac25cf1dd9e8d1587acaf18afb91786bfadff00d07759ff00c194ff00fc5d2ffc241ad8ff0098eeb3ff008329ff00f8baa38e69a579a5cf2ee6df56a3fcabee343fe121d73fe83bac7fe0c67ffe2e9cbe22d77b6bfac7e37f29fe6d596460d397ad1cf2ee2fab52fe546cff00c245af7fd07f56ff00c0c7ff001a2b3b68a2ab9a5dc8fabd3fe54751f12ffe479beff722ff00d00571f5d77c4839f1d6a1feec5ffa02d723454f889c17f050da3be297238a435074b2b5d5cf9636a1f9bb9f4acdce4e49c93dcd3a4cb3b6ee49353d9e9f35dcbb5570bea6baa294637678388ab3ad3b22003b9c7e352aa3ca7e489989f415da699a0c5022b3461e5edbf9c57496fa1c24067e5bd00000acde2174438e15fda67939b4989c18181f7153ae9577226553e502bd6c6830c83945c7d29ada244a9b7385ef818a975a5d11a2c343a9e45268f78b1f9862cae33c5456772d0bed3cafbd7a7dd58a2c45554600c62bce755b3fb35e3e170a4f1453abed1f2c8254dd1f7e0cd0570ca08e94a4d53b072d0f3daad93cd6725caec7b3467ed20a5dc08e68039a4cf34a3a8a93464fcd1471eb455dccce93e231ff008aef53f6f287fe435ae48d757f114e7c77aa7b18ff00f45257275553e239b07fc1428a43d09a05392291dbe452df415074dccc8515ee883d335dae9564912ab15ea2b9ab2b23fdaa15d4af3dc575e37042a840c773daaea4ae923ca843966d9b76b1213818ada82d7680412735c22b4f04a0aeaa8c4f3e4e3f5cd74da4eaf2e5619cfcddb2319acf634bb3a2111db85aab7804698761f9d3ee6f4db405c9c022b94d4677bb5632cb243113cb6327f014db27525ba752eca1d4fd0d717af45197e7ae7f3ae8a2b6b58cab5bdd48e4af02552a587b0358de20b7ca1651c8f6f6a21a4ae39eb1b1896aa04781daa46352db6937ab6824f29953191bb826ab9273cd137791dd8776a490ecd2a9e6999a72fbd4a366f42c7e3fa5149934556846a745f10ce7c77ab7fbd1ff00e8a4ae5bdaba4f1fff00c8f3ac7fd755ff00d1695cd03573f88e6c2ff090b5b7a4428f6b231cee5718c1fa56183cd6be8b2e0ca9df2187be2a25b1b4af62f5cc31ff006842c873853927ad6a35b4724437720f51eb545f715562a721b83eb5a3036500ea71509b68e46acc916ca3b9f277a61621b40538047a1ab377229930aaa18b6ef94602d3a042dc03cd453c7fe93e58e7fbd8aabb6896acc7cacef12067cf7c1352c88b7d6ecac0618e48ee31e94ebcb748e14746e4fa53ad57fd1f7a363d47a528ab032a4902b24516d1e5c43e419ce2b0b5c4511f1d0104e0574d2bf96c7201c8eb5837bb25ba4475241cf03bd17d4690fb78a29921dd965607a9ae32e76fda65d9f7779c7d335d6dc39b1d2cc9901a35217fde3c571ac49639a4b53a690a0d3d793510a7af5e2a91bb7a136e1e9453723d28a2c47323a0f1c9ff008adb5827fe7b8ffd016b9b15d0f8d5b778cf593ff4f247fe3a2b0071573f88e7c2ff000909562d6e1ade75917b751ed55fbd28ce78a93a923af69e39ad91d19761e801a9a23803d6b97b0576b950a8cc0024ed04e07ad74513fca3352d58e4ab1e566cdbcaa8c3273c532e218ae260ec390770e48c11df8aa05d87dd3d7814f863ba66c6003dbbd38a316db64f388eeb3e64d2b089feea314048f5c75abd04b1a41b739ef9aa3243764138403b91dcfe551c7e7a9db26003e954d136712ddc3f19078aca62bf6c4e47356a57e02e7a76ae6b5d989017be7d7d2b3b1a47de7617c43a92dc4e2de160638c7cc57bb561646693bf6a5c55247645595841d69e9d69bde9c9d698c7fe3454745320e83c604b78bb593e976e2b088f7adcf159cf8b7593ff004f927f3ac4c554fe233c37f09083de9ca3269cb1b3b04546663d155724fe15d4787fc21a85eea76c2f6ce682ccb83234a3692bd4e01e79c63a5118393d0de75230579166cf4d3a5f81f51d4a45db3dca2a26e18217208fcf83f80aa48e1d1587f10ed5ddf8dadbfe288611c602bca480a3181d0571096fb6250bc0038ad6b251491e4c2acaacdc996ad8918cf5ad5b781a51c363358716e46eb822b520bb2831922b0b7535341ec64897e59323dea8ca31915336a25948dddbd2a94929233ebeb4ed715caf27524f4e95435dd0e46d1e0d5a1dee80949971c2fcdc11fa56a792ce03370074aecbc3f62b2787248e58f7c646f68dc7de46041fc306b5a5052d0895574ed23c3c8c76a3a5761adf80f53b2b895ec616bbb5c92a23e6451e8571ce3dab94785e39191d595d7ef291823ea3b7e359ca0e2f53d0a75635168c8bbd393ef51b69ca0eea93522fc3f5a28c8f5a2820ea35ab1b9d43c61abc5696f2cf21be9be58d7763e73d71d3f1ae8b46f86575315935398443a9821396fc4e303f5aeefc37046d16a0db70c6faed9b6800b7efdc727af6adcddb6e63882e23f2b790bd2bb55257bb3c6faece30508e963174cf0b69da545b6dedd10f7f2c65cfd58f3561218449314882f968c72189ed576493cd36b1eec6f639038e82abed586c6f24660a3852c4e075ad9688e294e52777a95759b04bfd062b493a3c44fd0e383f9e2bcde3b768d9a19170e8c5187b838af4b9b55d32ea48ed2defe096754c7968f9271d467a74cd72fad5885bff00b52f49cb6e1fdd61d3f318fc8d73e22378dceac34ed369f539f92cc85dd8e288848a701735b3085dbe5b004537ec4bbb08f8cf63d2b8133d033983918d9f9d3638373e5c6e3e83b5699b151f7a607d852b22c10fc83f13d69dda1142485e664b74fbf2b04007bf15e93696a8ab0a8184920f2c81db031fcab87d161f375a81d87cb19dc4fd78af448d7cb42bde36c8fa576619595ce2c5cb548cd64611abe30c9f2363b9155b50f0ee8de20887daada26971c3e36b0fa30e7f0ad931e66b88bfbe048bf5154edf16f3947190d82a0f4c574e8f739549c5dd1e69acfc2dbdb6dcfa5cc2e5073e4ca76c98f63d0fe95c2dc595c58dd182eade582553ca48a54feb5f4a0eae88c1d5300abf6fa1aa9a8697a76b117d9efada3987f7650370fa1ae79d18bd51dd4f1f38e93d4f97727d68a97ca1fedffdf47fc68ac3d99d1f5d8763e8ef0ce3ecda837fd3e5dffe944b5b247fa42fbc06b13c307fe25f78dfdfbcbb3ff9332d6ee337adfecc38aef4790f7294f11fb65bb4631b232d58fa8590bb32493799e5852ca85b8040e481f5ae8b6e2e6dc7ac6c2ab5f45e65922a83bd81518faf3549f4219cfda6936f6d6e2ec28de1c127f9d6b5ed94134856425b746ad85f6e3f3a6c96cf1695ebf381562559165999472b11ce47078a72498e326b5393bbd3a7b2b8f9d1b6127649d437ff005fda97cb0c99fceba98ae15add05c2ba8917ba87423d39ae7b54b392c1dae21db25a336095cfeecfa1cf415c1570fcbaa3d1a38952f75912428a3735472c226e00c8cf031d6a9fdb703dcf4ad8b51259aa916de7dd6794270b18f7f7aca14f9dd8daacd415d9a7a668f15a432990e6629b98e7a1f4a7f88ee9ce8ccb116124d1afdd6c11c83fc854d19be95e6596085488fa8cf423de991698d25e7ef8e54c3c66bd08c12563cb9c9c9dd993a73ea36e96d20bb95cb21e256dff00ceb5bed066102ca9b64248057a62b41ad23c5aa85c6188e2ab4f06c8e00471e763f0ad34640eb49d8c972b27def94d597c1bcb8dc33b5548f6a89a2ff4b1b579311dc7de9ece37cb27f7adc9352c7d4f95bccf63f9d14983fdda2b9accd0fa53c2633a54c7b1b8bb23ff000224add4e6e6e1bfd951fa561f84bfe406c47f7ee31ff7fa4adb879339fa0fd2b7e843dc7e07daa21dd633485429b71e8c714fc7fa5b1f48f148f9f36dc7d7f95021b3a2f92571c6fa74a9c4c7ae632289ff00d51ff7ea47fbaffeed1763b1523b7592d61461d508fa544d6626d39a22aa4bae791d7d41abb0f3145f4a8e225625247dd7208a7715acce62d7c3a967a979ecfe72f06dd49cf27b9fa76ae82d6d12dfed2319cb0e48a9ede22103b205666e07a0a727fcbc7fbf52acb4454a7297c4371fe953ff00d73a51ff001f717bc669d8ff004a907fb1411fe9301ff648a621b27dd84fa494970a0c6b91d25069d2ff00ab8fda4149383e53ff00b2e0feb421119057534c7dd607f9545728b0c32be70a6275fd33575d46f3237f07cd599ad3674a9883f2957391e9b4d03ea7ccff00669bfb945741e44dfdcfd28acb99147b4f83ce7c3f1fb873f9c8d5bd18c19c0fef0fe5583e0f43ff0008cdb37f7a25fd49cd6fa7df9b1fde03f415ab25ee28e6ea6e7a2814ad83730fb2934d5ff8f8b8fc29dff2f8bed1d0024f8f2d73ddc54921f964ff0076a297eec23d5e9f2ffab9be94862c43e48bfdda8adf94cfac84d4b1fdc8ff00ddfe9515af31a9ff0068d022647f3115bdea38ff00e5b7fbd496e7f72bfef9fe74e4eb37fbd4805c7fa4c9fee50dfeba03f5a3fe5e5bdd291f9784fb9a60367ff543da414b71fea64ff787f3a6dc7dcffb68296e788653f43400e98feea61fece2b235cc8d0eeb030a96ce49f7286b52e4e209be82b33c4884e877cd9c2a5ab961ff00016c53423ccbca4feefe94569f949457372b343a3d0efb51d2b4482c6e3c35ac996340acd1ac0cb907a8fdef23f0ad08f5e9d5a42fe1dd746e7ddff1ef19ec3d24ae8c7dc141eb5b5c5639c1e2065794b685ae0df8ff00973071f9352ffc24abf68f30e8dae81b718fecf63fcaba35e9f8d2f6a698ac8e65fc4f0131674ad706d393ff0012b94ff21449e2db368dd7fb3b5d05bd748b8ffe22ba53d17eb4abd3f1a774b429247369e2cb1ca8fb0eb980b827fb1aebff008dd16fe26b148d435aeb208249ff008935dfff001bae93d29dfe349b7d05a5ce6a2f13e9f1c403c3aaa90d9e748bb1ff00b4e9078b349532ee6be5dc723769b723ff0069d74a3a7e34ea5760d1cb7fc265a1fda439b9b80bb31cd8ce39ff00be286f18e825a2ff004d71b58e736d28ff00d92ba9a5a94e57d412390bcf1b6831a0c5dc9265c1c476f21c0f7e2a59fc63e1d786503558464701830fe62ba9341e9569bb136d4e4ee7c65e1b31ca3fb76c464281ba5c7f3aa7e21f17f8725d07538e1d7b4d791ed995116e53731da78033c9aee3b527ff005e8b8ec79afd8dff00ba3f3a2bd328a82cffd9, '9876756', '2016-07-01', NULL, 'TEst Student', '1980-01-01', 'male', 'India', 'TEst Satate', 'Hindu', 'Kapu', 'OC', 'Telugu', 'Test Father', 'Test Mother', 'Test Address', 'Farmar', 'Test Address', '9877654534', 'Test Previous School', '876567465', NULL, 'nineth', 'English', 'Test MOI', NULL, NULL, '', NULL, NULL, NULL, NULL, NULL, NULL, NULL);

-- --------------------------------------------------------

--
-- Table structure for table `student_attendance`
--

CREATE TABLE IF NOT EXISTS `student_attendance` (
  `ADMISSION_NUMBER` varchar(20) NOT NULL,
  `CLASS` varchar(20) NOT NULL,
  `STUDENT_NAME` varchar(50) DEFAULT NULL,
  `YEAR` int(10) NOT NULL,
  `MONTH` int(15) NOT NULL,
  `DAYS_ATTENDED` double NOT NULL,
  `WORKING_DAYS` double NOT NULL,
  `MONTHLY_PERCENTAGE` double NOT NULL,
  `CREATION_DATE` date DEFAULT NULL,
  `CREATED_BY` varchar(50) DEFAULT NULL,
  `UPDATED_DATE` date DEFAULT NULL,
  `UPDATED_BY` int(50) DEFAULT NULL,
  `ATTRIBUTE1` varchar(100) DEFAULT NULL,
  `ATTRIBUTE2` varchar(100) DEFAULT NULL,
  `ATTRIBUTE3` varchar(100) DEFAULT NULL,
  `ATTRIBUTE4` varchar(100) DEFAULT NULL,
  `ATTRIBUTE5` varchar(100) DEFAULT NULL,
  PRIMARY KEY (`ADMISSION_NUMBER`,`CLASS`,`MONTH`,`YEAR`)
) ENGINE=InnoDB DEFAULT CHARSET=latin1 COMMENT='Table to store student attendance';

--
-- Dumping data for table `student_attendance`
--

INSERT INTO `student_attendance` (`ADMISSION_NUMBER`, `CLASS`, `STUDENT_NAME`, `YEAR`, `MONTH`, `DAYS_ATTENDED`, `WORKING_DAYS`, `MONTHLY_PERCENTAGE`, `CREATION_DATE`, `CREATED_BY`, `UPDATED_DATE`, `UPDATED_BY`, `ATTRIBUTE1`, `ATTRIBUTE2`, `ATTRIBUTE3`, `ATTRIBUTE4`, `ATTRIBUTE5`) VALUES
('10510211', 'nineth', NULL, 2017, 0, 21, 26, 80.77, NULL, NULL, NULL, NULL, NULL, NULL, NULL, NULL, NULL),
('10510211', 'nineth', NULL, 2017, 1, 0, 24, 0, NULL, NULL, NULL, NULL, NULL, NULL, NULL, NULL, NULL),
('10510211', 'nineth', NULL, 2017, 2, 0, 27, 0, NULL, NULL, NULL, NULL, NULL, NULL, NULL, NULL, NULL),
('10510211', 'nineth', NULL, 2017, 3, 0, 25, 0, NULL, NULL, NULL, NULL, NULL, NULL, NULL, NULL, NULL),
('10510211', 'nineth', NULL, 2016, 5, 20, 24, 83.33, NULL, NULL, NULL, NULL, NULL, NULL, NULL, NULL, NULL),
('10510211', 'nineth', NULL, 2016, 6, 21, 25, 84, NULL, NULL, NULL, NULL, NULL, NULL, NULL, NULL, NULL),
('10510211', 'nineth', NULL, 2016, 7, 22, 24, 91.67, NULL, NULL, NULL, NULL, NULL, NULL, NULL, NULL, NULL),
('10510211', 'nineth', NULL, 2016, 8, 15, 18, 83.33, NULL, NULL, NULL, NULL, NULL, NULL, NULL, NULL, NULL),
('10510211', 'nineth', NULL, 2016, 9, 21, 23, 91.3, NULL, NULL, NULL, NULL, NULL, NULL, NULL, NULL, NULL),
('10510211', 'nineth', NULL, 2016, 10, 19, 25, 76, NULL, NULL, NULL, NULL, NULL, NULL, NULL, NULL, NULL),
('10510211', 'nineth', NULL, 2017, 11, 22, 26, 84.62, NULL, NULL, NULL, NULL, NULL, NULL, NULL, NULL, NULL),
('10510212', 'eight', NULL, 2017, 0, 0, 26, 0, NULL, NULL, NULL, NULL, NULL, NULL, NULL, NULL, NULL),
('10510212', 'eight', NULL, 2017, 1, 0, 24, 0, NULL, NULL, NULL, NULL, NULL, NULL, NULL, NULL, NULL),
('10510212', 'eight', NULL, 2017, 2, 0, 27, 0, NULL, NULL, NULL, NULL, NULL, NULL, NULL, NULL, NULL),
('10510212', 'eight', NULL, 2017, 3, 0, 25, 0, NULL, NULL, NULL, NULL, NULL, NULL, NULL, NULL, NULL),
('10510212', 'eight', NULL, 2016, 5, 21, 24, 87.5, NULL, NULL, NULL, NULL, NULL, NULL, NULL, NULL, NULL),
('10510212', 'eight', NULL, 2016, 6, 23, 25, 92, NULL, NULL, NULL, NULL, NULL, NULL, NULL, NULL, NULL),
('10510212', 'eight', NULL, 2016, 7, 24, 24, 100, NULL, NULL, NULL, NULL, NULL, NULL, NULL, NULL, NULL),
('10510212', 'eight', NULL, 2016, 8, 16, 18, 88.89, NULL, NULL, NULL, NULL, NULL, NULL, NULL, NULL, NULL),
('10510212', 'eight', NULL, 2016, 9, 23, 23, 100, NULL, NULL, NULL, NULL, NULL, NULL, NULL, NULL, NULL),
('10510212', 'eight', NULL, 2016, 10, 21, 25, 84, NULL, NULL, NULL, NULL, NULL, NULL, NULL, NULL, NULL),
('10510212', 'eight', NULL, 2017, 11, 21, 26, 80.77, NULL, NULL, NULL, NULL, NULL, NULL, NULL, NULL, NULL),
('87689787', 'eight', NULL, 2017, 0, 0, 26, 0, NULL, NULL, NULL, NULL, NULL, NULL, NULL, NULL, NULL),
('87689787', 'eight', NULL, 2017, 1, 0, 24, 0, NULL, NULL, NULL, NULL, NULL, NULL, NULL, NULL, NULL),
('87689787', 'eight', NULL, 2017, 2, 0, 27, 0, NULL, NULL, NULL, NULL, NULL, NULL, NULL, NULL, NULL),
('87689787', 'eight', NULL, 2017, 3, 0, 25, 0, NULL, NULL, NULL, NULL, NULL, NULL, NULL, NULL, NULL),
('87689787', 'eight', NULL, 2016, 5, 0, 24, 0, NULL, NULL, NULL, NULL, NULL, NULL, NULL, NULL, NULL),
('87689787', 'eight', NULL, 2016, 6, 0, 25, 0, NULL, NULL, NULL, NULL, NULL, NULL, NULL, NULL, NULL),
('87689787', 'eight', NULL, 2016, 7, 0, 24, 0, NULL, NULL, NULL, NULL, NULL, NULL, NULL, NULL, NULL),
('87689787', 'eight', NULL, 2016, 8, 0, 18, 0, NULL, NULL, NULL, NULL, NULL, NULL, NULL, NULL, NULL),
('87689787', 'eight', NULL, 2016, 9, 0, 23, 0, NULL, NULL, NULL, NULL, NULL, NULL, NULL, NULL, NULL),
('87689787', 'eight', NULL, 2016, 10, 0, 25, 0, NULL, NULL, NULL, NULL, NULL, NULL, NULL, NULL, NULL),
('87689787', 'eight', NULL, 2017, 11, 0, 26, 0, NULL, NULL, NULL, NULL, NULL, NULL, NULL, NULL, NULL),
('VJHS9876', 'tenth', NULL, 2017, 0, 26, 26, 100, NULL, NULL, NULL, NULL, NULL, NULL, NULL, NULL, NULL),
('VJHS9876', 'tenth', NULL, 2017, 1, 24, 24, 100, NULL, NULL, NULL, NULL, NULL, NULL, NULL, NULL, NULL),
('VJHS9876', 'tenth', NULL, 2017, 2, 27, 27, 100, NULL, NULL, NULL, NULL, NULL, NULL, NULL, NULL, NULL),
('VJHS9876', 'tenth', NULL, 2017, 3, 25, 25, 100, NULL, NULL, NULL, NULL, NULL, NULL, NULL, NULL, NULL),
('VJHS9876', 'tenth', NULL, 2016, 5, 24, 24, 100, NULL, NULL, NULL, NULL, NULL, NULL, NULL, NULL, NULL),
('VJHS9876', 'tenth', NULL, 2016, 6, 25, 25, 100, NULL, NULL, NULL, NULL, NULL, NULL, NULL, NULL, NULL),
('VJHS9876', 'tenth', NULL, 2016, 7, 24, 24, 100, NULL, NULL, NULL, NULL, NULL, NULL, NULL, NULL, NULL),
('VJHS9876', 'tenth', NULL, 2016, 8, 12, 18, 66.67, NULL, NULL, NULL, NULL, NULL, NULL, NULL, NULL, NULL),
('VJHS9876', 'tenth', NULL, 2016, 9, 23, 23, 100, NULL, NULL, NULL, NULL, NULL, NULL, NULL, NULL, NULL),
('VJHS9876', 'tenth', NULL, 2016, 10, 25, 25, 100, NULL, NULL, NULL, NULL, NULL, NULL, NULL, NULL, NULL),
('VJHS9876', 'tenth', NULL, 2017, 11, 26, 26, 100, NULL, NULL, NULL, NULL, NULL, NULL, NULL, NULL, NULL);

-- --------------------------------------------------------

--
-- Table structure for table `subjects`
--

CREATE TABLE IF NOT EXISTS `subjects` (
  `SUBJECT_ID` varchar(20) NOT NULL COMMENT 'SUBJECT ID',
  `SUBJECT_NAME` varchar(50) NOT NULL COMMENT 'subject name for subject page',
  `BRANCH` varchar(50) DEFAULT NULL,
  `CREATION_DATE` date DEFAULT NULL,
  `CREATED_BY` varchar(50) DEFAULT NULL,
  `UPDATED_DATE` date DEFAULT NULL,
  `UPDATED_BY` varchar(50) DEFAULT NULL,
  `ATTRIBUTE1` varchar(100) DEFAULT NULL,
  `ATTRIBUTE2` varchar(100) DEFAULT NULL,
  `ATTRIBUTE3` varchar(100) DEFAULT NULL,
  `ATTRIBUTE4` varchar(100) DEFAULT NULL,
  `ATTRIBUTE5` varchar(100) DEFAULT NULL,
  PRIMARY KEY (`SUBJECT_ID`)
) ENGINE=InnoDB DEFAULT CHARSET=latin1 COMMENT='Table to store subjects';

--
-- Dumping data for table `subjects`
--

INSERT INTO `subjects` (`SUBJECT_ID`, `SUBJECT_NAME`, `BRANCH`, `CREATION_DATE`, `CREATED_BY`, `UPDATED_DATE`, `UPDATED_BY`, `ATTRIBUTE1`, `ATTRIBUTE2`, `ATTRIBUTE3`, `ATTRIBUTE4`, `ATTRIBUTE5`) VALUES
('LANG1', 'Telugu', NULL, NULL, NULL, NULL, NULL, NULL, NULL, NULL, NULL, NULL),
('LANG2', 'Hindi', NULL, NULL, NULL, NULL, NULL, NULL, NULL, NULL, NULL, NULL),
('LANG3', 'English', NULL, NULL, NULL, NULL, NULL, NULL, NULL, NULL, NULL, NULL),
('SUB1', 'Maths', NULL, NULL, NULL, NULL, NULL, NULL, NULL, NULL, NULL, NULL),
('SUB2', 'Science', NULL, NULL, NULL, NULL, NULL, NULL, NULL, NULL, NULL, NULL),
('SUB3', 'Social', NULL, NULL, NULL, NULL, NULL, NULL, NULL, NULL, NULL, NULL);

-- --------------------------------------------------------

--
-- Table structure for table `teacher`
--

CREATE TABLE IF NOT EXISTS `teacher` (
  `EMP_ID` varchar(20) NOT NULL,
  `EMP_NAME` varchar(50) NOT NULL,
  `FATHER_HUSBAND_NAME` varchar(50) NOT NULL,
  `RELIGION` varchar(50) NOT NULL,
  `CASTE` varchar(50) NOT NULL,
  `GENDER` varchar(15) NOT NULL,
  `MARITAL_STATUS` varchar(15) NOT NULL,
  `DOB` date NOT NULL,
  `DOJ` date NOT NULL,
  `ADDRESS` varchar(500) NOT NULL,
  `CITY` varchar(30) NOT NULL,
  `STATE` varchar(50) NOT NULL,
  `NATIONALITY` varchar(30) NOT NULL,
  `PHONE_NUMBER` varchar(15) NOT NULL,
  `QUALIFICATION` varchar(20) NOT NULL,
  `EXPERIENCE` int(3) NOT NULL,
  `SUBJECTS` varchar(100) DEFAULT NULL,
  `CLASSES_HANDLING` varchar(30) DEFAULT NULL,
  `CLASS_TEACHER` varchar(30) DEFAULT NULL,
  `DESIGNATION` varchar(40) NOT NULL,
  `LOGIN_ID` varchar(40) NOT NULL,
  `PASSWORD` varchar(15) NOT NULL,
  `BRANCH` varchar(50) DEFAULT NULL,
  `CREATION_DATE` date DEFAULT NULL,
  `CREATED_BY` varchar(50) DEFAULT NULL,
  `UPDATED_DATE` date DEFAULT NULL,
  `UPDATED_BY` varchar(50) DEFAULT NULL,
  `ATTRIBUTE1` varchar(100) DEFAULT NULL,
  `ATTRIBUTE2` varchar(100) DEFAULT NULL,
  `ATTRIBUTE3` varchar(100) DEFAULT NULL,
  `ATTRIBUTE4` varchar(100) DEFAULT NULL,
  `ATTRIBUTE5` varchar(100) DEFAULT NULL,
  PRIMARY KEY (`EMP_ID`)
) ENGINE=InnoDB DEFAULT CHARSET=latin1 COMMENT='Table to add Teacher';

--
-- Dumping data for table `teacher`
--

INSERT INTO `teacher` (`EMP_ID`, `EMP_NAME`, `FATHER_HUSBAND_NAME`, `RELIGION`, `CASTE`, `GENDER`, `MARITAL_STATUS`, `DOB`, `DOJ`, `ADDRESS`, `CITY`, `STATE`, `NATIONALITY`, `PHONE_NUMBER`, `QUALIFICATION`, `EXPERIENCE`, `SUBJECTS`, `CLASSES_HANDLING`, `CLASS_TEACHER`, `DESIGNATION`, `LOGIN_ID`, `PASSWORD`, `BRANCH`, `CREATION_DATE`, `CREATED_BY`, `UPDATED_DATE`, `UPDATED_BY`, `ATTRIBUTE1`, `ATTRIBUTE2`, `ATTRIBUTE3`, `ATTRIBUTE4`, `ATTRIBUTE5`) VALUES
('101', 'Pooja', 'Shankar', 'Hindu', 'OC', 'female', 'single', '1996-02-12', '2015-07-12', '# 201,Freazer town, bangalore', 'Bangalore', 'karnataka', 'India', '9703755576', 'BCA', 2, 'Mathematics', '6', 'nineth', 'Maths Teacher', 'Gangadhar', 'ganga', NULL, NULL, NULL, NULL, NULL, NULL, NULL, NULL, NULL, NULL),
('1121', 'Gowthami', 'Sankar Reddy', 'Hindu', 'OC', 'female', 'single', '2015-08-12', '2015-06-12', 'Bangalre', 'Bangalore', 'karnataka', 'India', '8904482025', 'M. Sc', 5, 'Mathematics', '8', 'nursery', 'Maths Teacher', 'Gowthami', 'gowthami', NULL, NULL, NULL, NULL, NULL, NULL, NULL, NULL, NULL, NULL),
('12345678', 'Gangadhar', 'Sankar Reddy', 'Hindhu', 'Kapu', 'male', 'single', '2016-08-11', '2016-07-11', 'Bangalore', 'Bangalore', 'Ka', 'India', '8985505675', 'MCA', 2, 'Maths,Science', '10', 'nursery', 'Maths teacher', 'Gangadhar', '12345678', NULL, NULL, NULL, NULL, NULL, NULL, NULL, NULL, NULL, NULL),
('1331', 'Savithramma', 'Sankar Reddy', 'Hindu', 'OC', 'male', 'married', '2015-01-12', '2015-06-12', 'Bangalore', 'Bangalore', 'karnataka', 'India', '8892535770', 'Degree', 2, 'Hindi', '6', 'third', 'Hindi Teacher', 'Savi', 'savi', NULL, NULL, NULL, NULL, NULL, NULL, NULL, NULL, NULL, NULL);

-- --------------------------------------------------------

--
-- Table structure for table `teacher_attendance`
--

CREATE TABLE IF NOT EXISTS `teacher_attendance` (
  `EMP_ID` varchar(20) NOT NULL,
  `ATTENDANCE_DATE` date NOT NULL,
  `ATTENDANCE_STATUS` varchar(20) NOT NULL,
  `BRANCH` varchar(50) DEFAULT NULL,
  `CREATION_DATE` date DEFAULT NULL,
  `CREATED_BY` varchar(50) DEFAULT NULL,
  `UPDATED_DATE` date DEFAULT NULL,
  `UPDATED_BY` varchar(50) DEFAULT NULL,
  `ATTRIBUTE1` varchar(100) DEFAULT NULL,
  `ATTRIBUTE2` varchar(100) DEFAULT NULL,
  `ATTRIBUTE3` varchar(100) DEFAULT NULL,
  `ATTRIBUTE4` varchar(100) DEFAULT NULL,
  `ATTRIBUTE5` varchar(100) DEFAULT NULL,
  PRIMARY KEY (`EMP_ID`,`ATTENDANCE_DATE`)
) ENGINE=InnoDB DEFAULT CHARSET=latin1 COMMENT='Table to Store Teacher Attendance';

--
-- Dumping data for table `teacher_attendance`
--

INSERT INTO `teacher_attendance` (`EMP_ID`, `ATTENDANCE_DATE`, `ATTENDANCE_STATUS`, `BRANCH`, `CREATION_DATE`, `CREATED_BY`, `UPDATED_DATE`, `UPDATED_BY`, `ATTRIBUTE1`, `ATTRIBUTE2`, `ATTRIBUTE3`, `ATTRIBUTE4`, `ATTRIBUTE5`) VALUES
('101', '2016-01-07', 'Present', NULL, NULL, NULL, NULL, NULL, NULL, NULL, NULL, NULL, NULL),
('101', '2016-01-08', 'Half-Day', NULL, NULL, NULL, NULL, NULL, NULL, NULL, NULL, NULL, NULL),
('101', '2016-01-09', '', NULL, NULL, NULL, NULL, NULL, NULL, NULL, NULL, NULL, NULL),
('101', '2016-01-20', 'Holiday', NULL, NULL, NULL, NULL, NULL, NULL, NULL, NULL, NULL, NULL),
('101', '2016-01-27', 'Holiday', NULL, NULL, NULL, NULL, NULL, NULL, NULL, NULL, NULL, NULL),
('101', '2016-01-28', 'Present', NULL, NULL, NULL, NULL, NULL, NULL, NULL, NULL, NULL, NULL),
('1121', '2016-01-07', 'Absent', NULL, NULL, NULL, NULL, NULL, NULL, NULL, NULL, NULL, NULL),
('1121', '2016-01-08', 'Absent', NULL, NULL, NULL, NULL, NULL, NULL, NULL, NULL, NULL, NULL),
('1121', '2016-01-09', '', NULL, NULL, NULL, NULL, NULL, NULL, NULL, NULL, NULL, NULL),
('1121', '2016-01-20', 'Holiday', NULL, NULL, NULL, NULL, NULL, NULL, NULL, NULL, NULL, NULL),
('1121', '2016-01-27', 'Holiday', NULL, NULL, NULL, NULL, NULL, NULL, NULL, NULL, NULL, NULL),
('1121', '2016-01-28', 'Present', NULL, NULL, NULL, NULL, NULL, NULL, NULL, NULL, NULL, NULL),
('12345678', '2016-01-07', 'Half-Day', NULL, NULL, NULL, NULL, NULL, NULL, NULL, NULL, NULL, NULL),
('12345678', '2016-01-08', 'Leave', NULL, NULL, NULL, NULL, NULL, NULL, NULL, NULL, NULL, NULL),
('12345678', '2016-01-09', '', NULL, NULL, NULL, NULL, NULL, NULL, NULL, NULL, NULL, NULL),
('12345678', '2016-01-20', 'Holiday', NULL, NULL, NULL, NULL, NULL, NULL, NULL, NULL, NULL, NULL),
('12345678', '2016-01-27', 'Holiday', NULL, NULL, NULL, NULL, NULL, NULL, NULL, NULL, NULL, NULL),
('12345678', '2016-01-28', 'Present', NULL, NULL, NULL, NULL, NULL, NULL, NULL, NULL, NULL, NULL),
('1331', '2016-01-07', 'Leave', NULL, NULL, NULL, NULL, NULL, NULL, NULL, NULL, NULL, NULL),
('1331', '2016-01-08', 'Present', NULL, NULL, NULL, NULL, NULL, NULL, NULL, NULL, NULL, NULL),
('1331', '2016-01-09', '', NULL, NULL, NULL, NULL, NULL, NULL, NULL, NULL, NULL, NULL),
('1331', '2016-01-20', 'Holiday', NULL, NULL, NULL, NULL, NULL, NULL, NULL, NULL, NULL, NULL),
('1331', '2016-01-27', 'Holiday', NULL, NULL, NULL, NULL, NULL, NULL, NULL, NULL, NULL, NULL),
('1331', '2016-01-28', 'Absent', NULL, NULL, NULL, NULL, NULL, NULL, NULL, NULL, NULL, NULL);

-- --------------------------------------------------------

--
-- Table structure for table `teacher_timetable`
--

CREATE TABLE IF NOT EXISTS `teacher_timetable` (
  `EMP_ID` varchar(20) NOT NULL,
  `DAY` varchar(15) NOT NULL,
  `PERIOD_I` varchar(30) NOT NULL,
  `PERIOD_II` varchar(30) NOT NULL,
  `PERIOD_III` varchar(30) NOT NULL,
  `PERIOD_IV` varchar(30) NOT NULL,
  `PERIOD_V` varchar(30) NOT NULL,
  `PERIOD_VI` varchar(30) NOT NULL,
  `PERIOD_VII` varchar(30) NOT NULL,
  `PERIOD_VIII` varchar(30) NOT NULL,
  `PERIOD_I_CLASS` varchar(30) NOT NULL,
  `PERIOD_II_CLASS` varchar(30) NOT NULL,
  `PERIOD_III_CLASS` varchar(30) NOT NULL,
  `PERIOD_IV_CLASS` varchar(30) NOT NULL,
  `PERIOD_V_CLASS` varchar(30) NOT NULL,
  `PERIOD_VI_CLASS` varchar(30) NOT NULL,
  `PERIOD_VII_CLASS` varchar(30) NOT NULL,
  `PERIOD_VIII_CLASS` varchar(30) NOT NULL,
  `BRANCH` varchar(50) DEFAULT NULL,
  `CREATION_DATE` date DEFAULT NULL,
  `CREATED_BY` varchar(50) DEFAULT NULL,
  `UPDATED_DATE` date DEFAULT NULL,
  `UPDATED_BY` varchar(50) DEFAULT NULL,
  `ATTRIBUTE1` varchar(100) DEFAULT NULL,
  `ATTRIBUTE2` varchar(100) DEFAULT NULL,
  `ATTRIBUTE3` varchar(100) DEFAULT NULL,
  `ATTRIBUTE4` varchar(100) DEFAULT NULL,
  `ATTRIBUTE5` varchar(100) DEFAULT NULL
) ENGINE=InnoDB DEFAULT CHARSET=latin1 COMMENT='Table tostore Teacher Timetable';

--
-- Dumping data for table `teacher_timetable`
--

INSERT INTO `teacher_timetable` (`EMP_ID`, `DAY`, `PERIOD_I`, `PERIOD_II`, `PERIOD_III`, `PERIOD_IV`, `PERIOD_V`, `PERIOD_VI`, `PERIOD_VII`, `PERIOD_VIII`, `PERIOD_I_CLASS`, `PERIOD_II_CLASS`, `PERIOD_III_CLASS`, `PERIOD_IV_CLASS`, `PERIOD_V_CLASS`, `PERIOD_VI_CLASS`, `PERIOD_VII_CLASS`, `PERIOD_VIII_CLASS`, `BRANCH`, `CREATION_DATE`, `CREATED_BY`, `UPDATED_DATE`, `UPDATED_BY`, `ATTRIBUTE1`, `ATTRIBUTE2`, `ATTRIBUTE3`, `ATTRIBUTE4`, `ATTRIBUTE5`) VALUES
('1121', 'MON', 'LANG3', '', '', '', '', '', '', '', 'NUR', '', '', '', '', '', '', '', NULL, NULL, NULL, NULL, NULL, NULL, NULL, NULL, NULL, NULL),
('1121', 'TUE', '', 'LANG1', '', '', '', '', '', '', '', 'LKG', '', '', '', '', '', '', NULL, NULL, NULL, NULL, NULL, NULL, NULL, NULL, NULL, NULL),
('1121', 'WED', 'LANG3', '', 'SUB1', '', '', '', '', '', 'LKG', '', 'UKG', '', '', '', '', '', NULL, NULL, NULL, NULL, NULL, NULL, NULL, NULL, NULL, NULL),
('1121', 'THU', '', '', '', 'SUB2', '', '', '', 'SUB1', '', '', '', 'I', '', '', '', 'UKG', NULL, NULL, NULL, NULL, NULL, NULL, NULL, NULL, NULL, NULL),
('1121', 'FRI', '', '', '', '', 'SUB3', '', 'SUB1', '', '', '', '', '', 'LKG', '', 'IX', '', NULL, NULL, NULL, NULL, NULL, NULL, NULL, NULL, NULL, NULL),
('1121', 'SAT', '', '', '', '', '', 'SUB1', '', '', '', '', '', '', '', 'LKG', '', '', NULL, NULL, NULL, NULL, NULL, NULL, NULL, NULL, NULL, NULL),
('101', 'MON', 'LANG1', '', '', '', '', '', '', '', 'NUR', '', '', '', '', '', '', '', NULL, NULL, NULL, NULL, NULL, NULL, NULL, NULL, NULL, NULL),
('101', 'TUE', '', 'LANG3', '', '', '', '', '', '', '', 'I', '', '', '', '', '', '', NULL, NULL, NULL, NULL, NULL, NULL, NULL, NULL, NULL, NULL),
('101', 'WED', '', '', 'SUB2', '', '', '', '', '', '', '', 'V', '', '', '', '', '', NULL, NULL, NULL, NULL, NULL, NULL, NULL, NULL, NULL, NULL),
('101', 'THU', '', '', '', 'SUB1', '', '', '', '', '', '', '', 'VI', '', '', '', '', NULL, NULL, NULL, NULL, NULL, NULL, NULL, NULL, NULL, NULL),
('101', 'FRI', '', '', '', '', 'SUB1', '', '', '', '', '', '', '', 'LKG', '', '', '', NULL, NULL, NULL, NULL, NULL, NULL, NULL, NULL, NULL, NULL),
('101', 'SAT', '', '', '', '', '', 'SUB1', '', '', '', '', '', '', '', 'II', '', '', NULL, NULL, NULL, NULL, NULL, NULL, NULL, NULL, NULL, NULL),
('12345678', 'MON', 'SUB1', 'SUB2', 'SUB1', 'SUB2', 'SUB1', 'SUB2', '', '', 'X', 'IX', 'VIII', 'VIII', 'IX', 'X', '', '', NULL, NULL, NULL, NULL, NULL, NULL, NULL, NULL, NULL, NULL),
('12345678', 'TUE', 'SUB1', 'SUB2', 'SUB1', 'SUB2', 'SUB1', 'SUB2', '', '', 'X', 'IX', 'VIII', 'VIII', 'IX', 'X', '', '', NULL, NULL, NULL, NULL, NULL, NULL, NULL, NULL, NULL, NULL),
('12345678', 'WED', 'SUB1', 'SUB2', 'SUB1', 'SUB2', 'SUB1', 'SUB2', '', '', 'X', 'IX', 'VIII', 'VIII', 'IX', 'X', '', '', NULL, NULL, NULL, NULL, NULL, NULL, NULL, NULL, NULL, NULL),
('12345678', 'THU', 'SUB1', 'SUB2', 'SUB1', 'SUB2', 'SUB1', 'SUB2', '', '', 'X', 'IX', 'VIII', 'VIII', 'IX', 'X', '', '', NULL, NULL, NULL, NULL, NULL, NULL, NULL, NULL, NULL, NULL),
('12345678', 'FRI', 'SUB1', 'SUB2', 'SUB1', 'SUB2', 'SUB1', 'SUB2', '', '', 'X', 'IX', 'VIII', 'VIII', 'IX', 'X', '', '', NULL, NULL, NULL, NULL, NULL, NULL, NULL, NULL, NULL, NULL),
('12345678', 'SAT', 'SUB1', 'SUB2', 'SUB1', 'SUB2', 'SUB1', 'SUB2', '', '', 'X', 'IX', 'VIII', 'VIII', 'IX', 'X', '', '', NULL, NULL, NULL, NULL, NULL, NULL, NULL, NULL, NULL, NULL);

-- --------------------------------------------------------

--
-- Table structure for table `view_student`
--

CREATE TABLE IF NOT EXISTS `view_student` (
  `ADMISSION_NUMBER` varchar(20) NOT NULL,
  `STUDENT_NAME` varchar(50) NOT NULL,
  `DOB` date NOT NULL,
  `GENDER` varchar(15) NOT NULL,
  `CASTE_CATEGORY` varchar(5) DEFAULT NULL,
  `FATHER_NAME` varchar(50) NOT NULL,
  `MOTHER_NAME` varchar(50) NOT NULL,
  `RESIDENCE` varchar(500) NOT NULL,
  `PHONE_NUMBER` varchar(15) NOT NULL,
  `CLASS_ADMITTED` varchar(20) NOT NULL,
  `CURRENT_CLASS` varchar(10) DEFAULT NULL,
  `CREATION_DATE` date DEFAULT NULL,
  `CREATED_BY` varchar(50) DEFAULT NULL,
  `UPDATED_DATE` date DEFAULT NULL,
  `UPDATED_BY` varchar(50) DEFAULT NULL,
  `ATTRIBUTE1` varchar(100) DEFAULT NULL,
  `ATTRIBUTE2` varchar(100) DEFAULT NULL,
  `ATTRIBUTE3` varchar(100) DEFAULT NULL,
  `ATTRIBUTE4` varchar(100) DEFAULT NULL,
  `ATTRIBUTE5` varchar(100) DEFAULT NULL
) ENGINE=InnoDB DEFAULT CHARSET=latin1;

--
-- Dumping data for table `view_student`
--

INSERT INTO `view_student` (`ADMISSION_NUMBER`, `STUDENT_NAME`, `DOB`, `GENDER`, `CASTE_CATEGORY`, `FATHER_NAME`, `MOTHER_NAME`, `RESIDENCE`, `PHONE_NUMBER`, `CLASS_ADMITTED`, `CURRENT_CLASS`, `CREATION_DATE`, `CREATED_BY`, `UPDATED_DATE`, `UPDATED_BY`, `ATTRIBUTE1`, `ATTRIBUTE2`, `ATTRIBUTE3`, `ATTRIBUTE4`, `ATTRIBUTE5`) VALUES
('119X1F08', 'Gangadhar Reddy', '1996-06-10', 'male', NULL, 'Sankar Reddy', 'Savithramma', 'Sanevaripalli', '8985505675', 'nineth', NULL, NULL, NULL, NULL, NULL, NULL, NULL, NULL, NULL, NULL),
('87689787', 'Gangadhar Reddy', '2005-01-11', 'male', 'OC', 'Sankar Reddy', 'Savithramma', 'Sanevaripalli', '8985505675', 'eight', 'eight', NULL, NULL, NULL, NULL, NULL, NULL, NULL, NULL, NULL),
('119X1F01', 'Gangadhar Reddy', '2005-08-11', 'male', 'OC', 'Sankar Reddy', 'Savithramma', 'Sanevaripalli', '8985505675', 'nineth', 'nineth', NULL, NULL, NULL, NULL, NULL, NULL, NULL, NULL, NULL),
('VJHS9876', 'Kohli', '1997-11-05', 'male', 'OC', 'Virat', 'Anjali', '3-44,Test street', '8989898989', 'tenth', 'tenth', NULL, '', NULL, NULL, NULL, NULL, NULL, NULL, NULL),
('VJHS6789', 'AB Devilliers', '1993-08-05', 'male', 'OC', 'ABD', 'ABD', '4-44,Test street', '3366656577', 'tenth', 'tenth', NULL, '', NULL, NULL, NULL, NULL, NULL, NULL, NULL),
('10510211', 'Gangadhar', '1990-05-19', 'male', 'OC', 'Sankar Reddy', 'Savithramma', '#5-86, Sanevaripalli, Vankarakunta,\r\nNallamada, Anantapur', '8985505675', 'nineth', 'nineth', NULL, '', NULL, NULL, NULL, NULL, NULL, NULL, NULL),
('10510212', 'Phani', '1990-05-19', 'male', 'OC', 'Sheshu', 'Sundari', '11/A', '9876543210', 'eight', 'eight', NULL, '', NULL, NULL, NULL, NULL, NULL, NULL, NULL),
('11223344', 'Wasim', '1997-01-07', 'select', 'OC', 'Moulali', 'Zainab', 'Mundgod', '9538846344', 'nineth', 'nineth', NULL, '', NULL, NULL, NULL, NULL, NULL, NULL, NULL),
('1235433', 'Ramesh', '1990-01-10', 'male', 'BC', 'Father', 'Mother', '11/A', '8892535770', 'fourth', 'fourth', NULL, '', NULL, NULL, NULL, NULL, NULL, NULL, NULL),
('1235434', 'Savithramma', '1970-01-10', 'female', 'OC', 'Ramakrishna reddy', 'Aswarthmma', 'Sanevaripalli', '8904482025', 'sixth', 'sixth', NULL, '', NULL, NULL, NULL, NULL, NULL, NULL, NULL),
('132456', 'Savithramma', '1980-01-10', 'female', 'OC', 'Rama Krishna Reddy', 'Savithramma', 'Avalahalli', '8904482025', 'fourth', 'fourth', NULL, '', NULL, NULL, NULL, NULL, NULL, NULL, NULL),
('9876756', 'TEst Student', '1980-01-01', 'male', 'OC', 'Test Father', 'Test Mother', 'Test Address', '9877654534', 'nineth', 'nineth', NULL, '', NULL, NULL, NULL, NULL, NULL, NULL, NULL),
('88776655', 'Test Female', '1990-01-01', 'female', 'OC', 'Test Father', 'Test Mother', 'Avalahalli', '8904482025', 'ukg', 'ukg', NULL, '', NULL, NULL, NULL, NULL, NULL, NULL, NULL),
('88776656', 'Test Female', '1990-01-01', 'female', 'OC', 'Test Father', 'Test Mother', 'Avalahalli', '8904482025', 'ukg', 'ukg', NULL, '', NULL, NULL, NULL, NULL, NULL, NULL, NULL);

/*!40101 SET CHARACTER_SET_CLIENT=@OLD_CHARACTER_SET_CLIENT */;
/*!40101 SET CHARACTER_SET_RESULTS=@OLD_CHARACTER_SET_RESULTS */;
/*!40101 SET COLLATION_CONNECTION=@OLD_COLLATION_CONNECTION */;
